Compound,Date,Negative,Neutral,Positive,Text,Tweets Ago,User
0.0,Tue Mar 27 18:30:07 +0000 2018,0.0,1.0,0.0,"When mother Marie mysteriously leaves the family home, the repercussions are enormous.

#ComeHome | 9pm | @BBCOne |… https://t.co/S4JgnzQlAx",0,@BBC
0.2942,Tue Mar 27 18:00:08 +0000 2018,0.0,0.872,0.128,"??? Even if you don't speak German, this is worth watching until the end! 
#LiveAtTheApollo https://t.co/J3l8oToRbk",1,@BBC
0.0,Tue Mar 27 17:00:07 +0000 2018,0.0,1.0,0.0,"? We've got oodles of noodles with recipes for pad Thai, chow mein, ramen, pho and stir-fries.
?… https://t.co/JWfrcIhn2X",2,@BBC
0.0,Tue Mar 27 16:00:15 +0000 2018,0.0,1.0,0.0,? What does Facebook know about you? https://t.co/lG4ffeCG09,3,@BBC
0.6114,Tue Mar 27 15:40:40 +0000 2018,0.0,0.75,0.25,RT @BBCTwo: Happy #WorldTheatreDay! *leaves this here and runs away* @SaraPascoe ?? https://t.co/3XlEb5gr15,4,@BBC
0.0,Tue Mar 27 15:38:26 +0000 2018,0.0,1.0,0.0,"RT @BBCScotland: Meet the master of the radiator harp

@DaftLimmy returns to BBC Scotland on Thursday 5 April. https://t.co/G7mjFEJx6k",5,@BBC
-0.3064,Tue Mar 27 15:36:22 +0000 2018,0.134,0.866,0.0,RT @bbcthree: 12-year-old Keilan has very severe curvature of the spine. He needs surgery ASAP but the 5 hour operation could leave him par…,6,@BBC
0.0,Tue Mar 27 15:33:24 +0000 2018,0.0,1.0,0.0,"RT @bbccomedy: Cathy, master of shade. #Mum https://t.co/VjC2ttkaNF",7,@BBC
0.0,Tue Mar 27 15:26:23 +0000 2018,0.0,1.0,0.0,"RT @BBCR1: (•_•)
&lt;)   )?who
 /    \ 

  (•_•)
 \(   (&gt; bit
  /    \

 (•_•)
&lt;)   )?Beyoncé? 
 /    \ 

https://t.co/7hQd9mcKUY",8,@BBC
-0.5994,Tue Mar 27 14:30:37 +0000 2018,0.14,0.86,0.0,"RT @BBCWorld: It's 50 years since the death of Yuri Gagarin, the Russian cosmonaut who was the first man to travel into space ??? https://t…",9,@BBC
0.0,Tue Mar 27 13:33:01 +0000 2018,0.0,1.0,0.0,?? The first polar bear cub to be born in the UK for 25 years has been filmed adapting to its surroundings. https://t.co/EsxbH18cN5,10,@BBC
0.0,Tue Mar 27 12:00:08 +0000 2018,0.0,1.0,0.0,The ancient Greeks thought a life of ‘constant leisure’ was the highest life you could live. https://t.co/sascCq8iks,11,@BBC
0.0,Tue Mar 27 11:05:06 +0000 2018,0.0,1.0,0.0,"There's over 50 classic cookery shows being served up on @BBCiPlayer this #EasterWeekend. 
? https://t.co/CKECZMGmx8 https://t.co/j3RfAYQvTI",12,@BBC
0.25,Tue Mar 27 11:00:06 +0000 2018,0.0,0.875,0.125,"? @MargotRobbie is planning a new TV series, which will give Shakespeare plays a 'female perspective'.
?… https://t.co/pTLXfve0ds",13,@BBC
0.0,Tue Mar 27 09:52:08 +0000 2018,0.0,1.0,0.0,"?? 'Mad' Mike Hughes flew his home-made rocket to try and 'prove' the earth is flat. 

? SPOILER: it's not.  https://t.co/f5oNRItwyq",14,@BBC
0.0,Tue Mar 27 09:40:22 +0000 2018,0.0,1.0,0.0,"RT @BBCTwo: Now we've got our country back... what actually is it? ?

#CunkOnBritain starts Tuesday 3 April, 10pm, @BBCTwo. @missdianemorga…",15,@BBC
0.4019,Tue Mar 27 09:39:23 +0000 2018,0.0,0.876,0.124,RT @BBCBreakfast: A team of abseilers have been roped in to give Cheddar Gorge in Somerset an extreme spring clean. https://t.co/iYmkiizeRi,16,@BBC
0.0,Tue Mar 27 09:38:59 +0000 2018,0.0,1.0,0.0,"RT @BBCR1: We can't get enough of @george_ezra's Live Lounge ?

Watch him perform 'Paradise' and cover 'These Days' right here ?https://t.c…",17,@BBC
0.5994,Tue Mar 27 09:36:48 +0000 2018,0.0,0.843,0.157,"RT @bbcgetinspired: Check out @JesseLingard and some of his @PremierLeague mates showing us their super moves. ?? 

Show us yours with #sup…",18,@BBC
0.0,Tue Mar 27 08:00:04 +0000 2018,0.0,1.0,0.0,"When this woman visited an uninhabited Caribbean island, the last thing she expected was to find it covered in plas… https://t.co/cpKW9tl61v",19,@BBC
0.0,Tue Mar 27 07:30:04 +0000 2018,0.0,1.0,0.0,"About 700,000 people in the UK are on the autism spectrum, with five times as many males as females being diagnosed… https://t.co/PXJMuG76Tn",20,@BBC
-0.4588,Tue Mar 27 07:00:08 +0000 2018,0.124,0.827,0.049,"The number of children living in relative poverty in the UK has risen to 4.1m. 

This is the story of Tyler, one of… https://t.co/xFtEAjBTXC",21,@BBC
-0.6249,Mon Mar 26 19:03:02 +0000 2018,0.194,0.806,0.0,"Filmed in Nottingham during the worst winter for the NHS on record, groundbreaking series #Hospital returns tonight… https://t.co/PVSIcvCGc9",22,@BBC
0.7783,Mon Mar 26 18:24:04 +0000 2018,0.0,0.688,0.312,"Tonight, George Alagiah explores the fascinating history of Queen Elizabeth II and her beloved Commonwealth. 

The… https://t.co/xXer4FRyTq",23,@BBC
0.0,Mon Mar 26 17:30:04 +0000 2018,0.0,1.0,0.0,?? It was a Dachsh(und) to the finish line. https://t.co/7VvkU5GfUg,24,@BBC
0.5859,Mon Mar 26 16:25:02 +0000 2018,0.0,0.787,0.213,"?? Joy and Mary flew WW2 planes before any navigation system was installed.
#RAFat100 https://t.co/yxNMblfTEf",25,@BBC
-0.3818,Mon Mar 26 15:45:04 +0000 2018,0.161,0.744,0.095,"Tom Cruise stars in a remake of the 1953 adaptation of HG Wells’s classic novel. ?

War of the Worlds | @BBCiPlayer… https://t.co/h19JvTlFSA",26,@BBC
0.0,Mon Mar 26 15:11:57 +0000 2018,0.0,1.0,0.0,"In her role as head of the Commonwealth, the Queen embarked on her first tour of the nations in 1953.

But by 1970… https://t.co/Av61bahNZF",27,@BBC
0.0,Mon Mar 26 12:58:02 +0000 2018,0.0,1.0,0.0,"Never let a squirrel nibble your nobble... ???
https://t.co/cHm9m6At3m",28,@BBC
0.4404,Mon Mar 26 11:48:03 +0000 2018,0.0,0.828,0.172,Apple wants to introduce new emojis to better represent people with disabilities. ??? https://t.co/CcJfojmtTa https://t.co/ZRdEhVPMEm,29,@BBC
-0.5106,Mon Mar 26 11:00:05 +0000 2018,0.163,0.837,0.0,"A crack that opened up in Kenya’s Rift Valley, damaging a section of the Narok-Nairobi highway, is still growing... https://t.co/T5YocDauYj",30,@BBC
-0.128,Mon Mar 26 10:00:07 +0000 2018,0.07,0.93,0.0,"From hot cross bun gin to Creme Egg Yorkshire pudding, this year’s Easter treats are bigger, weirder and more decad… https://t.co/HvDJmgcB5q",31,@BBC
0.4588,Mon Mar 26 09:35:06 +0000 2018,0.0,0.864,0.136,RT @bbcpress: Sue Perkins will return to host the 2018 #BAFTA TV awards on Sunday 13 May on @BBCOne. https://t.co/pieSWNAGbH,32,@BBC
0.3182,Mon Mar 26 09:33:01 +0000 2018,0.0,0.753,0.247,"? @BillBailey is NOT a fan of taramasalata. #Room101 

https://t.co/soAAz27c0C",33,@BBC
0.0,Mon Mar 26 09:04:01 +0000 2018,0.0,1.0,0.0,"The kiwi bird's egg is so large, it takes almost ten days to lay! ???  #DavidAttenboroughsNaturalCuriosities
https://t.co/AkZqK9vzZZ",34,@BBC
0.5819,Mon Mar 26 08:29:04 +0000 2018,0.0,0.818,0.182,"?Why do so many celebrities decide to enter politics?

Some have done so more successfully than others...… https://t.co/MkEDpSeLMJ",35,@BBC
0.2263,Mon Mar 26 07:30:10 +0000 2018,0.09,0.749,0.161,"Wishing you could get out of bed just that little bit earlier? ?

If you need some motivation to set that alarm, he… https://t.co/zsisa2oA4s",36,@BBC
0.128,Sun Mar 25 19:44:01 +0000 2018,0.077,0.821,0.101,"Could this be an answer to global water shortages? ?? This machine creates water out of thin air. 

https://t.co/caz4nXMJg5",37,@BBC
-0.7506,Sun Mar 25 19:15:06 +0000 2018,0.286,0.714,0.0,"Tonight, @regyates meets people whose lives have been devastated by the Grenfell fire. 

Reggie Yates: Searching fo… https://t.co/HPgtcZuHte",38,@BBC
0.5719,Sun Mar 25 18:40:04 +0000 2018,0.0,0.837,0.163,"Tonight, @mcgregor_ewan and @McgColin celebrate the centenary of the Royal Air Force. 

RAF at 100 with Ewan and Co… https://t.co/nF2iwBP51b",39,@BBC
0.0,Sun Mar 25 18:13:03 +0000 2018,0.0,1.0,0.0,The first ever statue of David Bowie has been unveiled in the town where he debuted Ziggy Stardust. ??… https://t.co/lFgROYVkv1,40,@BBC
0.5267,Sun Mar 25 17:30:07 +0000 2018,0.0,0.815,0.185,"When you're enjoying being single and people just can't deal with it. ?? @kathbum #LiveAtTheApollo 

https://t.co/byHMHWyhPq",41,@BBC
0.4588,Sun Mar 25 15:03:03 +0000 2018,0.0,0.833,0.167,"????? Welcome to Tangier Island, the tiny US island where people speak with a British accent.… https://t.co/1RoM285gRJ",42,@BBC
0.0,Sun Mar 25 14:30:02 +0000 2018,0.0,1.0,0.0,"? We could listen to him speak all day. 

? Sir David Attenborough's voice was just as iconic in the 60s as it is t… https://t.co/zYi3oK5C13",43,@BBC
0.1779,Sun Mar 25 14:09:03 +0000 2018,0.0,0.909,0.091,"Predictions suggest a build-up of about 80,000 tonnes of plastic in the Pacific Ocean is growing rapidly. ????… https://t.co/uKD9BQWmUi",44,@BBC
0.5574,Sun Mar 25 13:03:04 +0000 2018,0.0,0.816,0.184,"??? @prattprattpratt stars as a happy-go-lucky hero who joins forces with an unlikely group of aliens. 

Guardians… https://t.co/B9W7kRZ1Qz",45,@BBC
0.0,Sun Mar 25 12:03:02 +0000 2018,0.0,1.0,0.0,"Weighing just 100g, a newborn panda is one 900th the size of its mum! ?? #DavidAttenboroughsNaturalCuriosities https://t.co/nKLQh03DJs",46,@BBC
0.0,Sun Mar 25 10:30:04 +0000 2018,0.0,1.0,0.0,?Meet SoFi - the soft robot fish developed by MIT to swim among real fish in coral reefs and around the ocean to he… https://t.co/HDa7q7WsHf,47,@BBC
-0.3612,Sun Mar 25 09:30:15 +0000 2018,0.161,0.839,0.0,"Ever wondered what made you feel moody? It might be your gut.

? https://t.co/l8oMv5gPN2 https://t.co/vq2yhtBOAn",48,@BBC
0.5719,Sun Mar 25 08:43:31 +0000 2018,0.0,0.764,0.236,"RT @BBCScotland: Up your brunch game with perfect poached eggs.

via @bbcthesocial https://t.co/1imXNeOZ9d",49,@BBC
-0.4019,Sun Mar 25 08:43:26 +0000 2018,0.101,0.899,0.0,"RT @bbcweather: #Winter may not be done with us yet, as colder continental air fights back against milder maritime air across the UK this w…",50,@BBC
0.0,Sun Mar 25 08:43:22 +0000 2018,0.0,1.0,0.0,RT @BBCSport: A simply astonishing confession from Australia captain Steve Smith and batsman Cameron Bancroft ? https://t.co/YaE7fBZamq,51,@BBC
-0.25,Sun Mar 25 08:00:12 +0000 2018,0.153,0.743,0.104,A woman who drinks 30 cans a day says her addiction to energy drinks is worse than gambling.… https://t.co/d11ATW0F0f,52,@BBC
0.0,Sun Mar 25 07:34:02 +0000 2018,0.0,1.0,0.0,You learn something new every day. Here's how to poo a baby jaguar. ??#BigCatsAboutTheHouse https://t.co/Eg5rF1414b,53,@BBC
-0.4215,Sun Mar 25 07:02:00 +0000 2018,0.141,0.859,0.0,When the clocks have gone forward but there's no way you're getting out of bed yet. ?????#DaylightSavings https://t.co/cHBPV3ITsQ,54,@BBC
-0.3818,Sat Mar 24 20:34:01 +0000 2018,0.115,0.885,0.0,"""I still see people screaming for help.""

This Sunday at 9pm on @BBCTwo, @REGYATES meets the people whose lives wer… https://t.co/RS16yXF17H",55,@BBC
0.4767,Sat Mar 24 20:00:11 +0000 2018,0.0,0.866,0.134,"The story of the last decade of Picasso's life, through the words of family and friends. ?

Picasso's Last Stand |… https://t.co/RyiuI8KgSk",56,@BBC
0.5859,Sat Mar 24 19:16:04 +0000 2018,0.0,0.817,0.183,"""Beauty is your inside, it's your personality and what shines from beneath."" 

25-year-old rapper Paigey Cakey had… https://t.co/CVGr69Y0oO",57,@BBC
0.5719,Sat Mar 24 18:44:04 +0000 2018,0.0,0.748,0.252,Cambridge have won the men's and women's Boat Races. https://t.co/COTzXYuo4N ? ? #BoatRace2018 https://t.co/6SQjF1ToSt,58,@BBC
0.3182,Sat Mar 24 18:02:01 +0000 2018,0.0,0.777,0.223,"?? @RomeshRanga is NOT a fan of Gogglebox. #LiveAtTheApollo
https://t.co/FHm9g6Emss",59,@BBC
0.0,Sat Mar 24 17:01:01 +0000 2018,0.0,1.0,0.0,"When proposals go wrong... ?? #Doodlebugs 
https://t.co/8Yi6giWO3S",60,@BBC
0.2732,Sat Mar 24 15:30:10 +0000 2018,0.083,0.788,0.129,"Writer Sara Maitland has lived alone in rural Scotland for 20 years. 

Here are seven valuable life lessons we can… https://t.co/2eAqUlnwuA",61,@BBC
-0.0772,Sat Mar 24 15:00:06 +0000 2018,0.15,0.719,0.131,?How an Instagram video lost me my dream job in fashion: https://t.co/72yWgHdc1k https://t.co/fl3DxMcIL5,62,@BBC
0.0,Sat Mar 24 14:01:47 +0000 2018,0.0,1.0,0.0,? @clarebalding is live from the River Thames as @UniofOxford and @Cambridge_Uni  meet for one of the most iconic e… https://t.co/Ls9rtIYov4,63,@BBC
0.296,Sat Mar 24 14:01:32 +0000 2018,0.0,0.845,0.155,RT @bbcthree: The barber helping men with dementia relive their younger lives. https://t.co/p8axQVK836,64,@BBC
0.0,Sat Mar 24 13:03:01 +0000 2018,0.0,1.0,0.0,"Which animals are likely to become extinct in your lifetime? ??
https://t.co/9KwlmcNrWV",65,@BBC
0.1867,Sat Mar 24 12:33:04 +0000 2018,0.0,0.902,0.098,"Don't miss the highlights from the Gymnastics World Cup! ???????

World Cup Gymnastics | @BBCOne | 2:05pm |… https://t.co/7mpufyeEMo",66,@BBC
0.0,Sat Mar 24 11:29:04 +0000 2018,0.0,1.0,0.0,"How much do you know about horses? Take this quiz to see if you are an equestrian expert…?

https://t.co/ChGCB9Xi1W https://t.co/P9UgJ99nsx",67,@BBC
0.4215,Sat Mar 24 10:31:01 +0000 2018,0.0,0.833,0.167,"Meet Hester, the 10-year-old visually impaired skier who's hoping for Paralympic gold one day. ??https://t.co/6aiUaTc3yS",68,@BBC
0.5411,Sat Mar 24 10:03:01 +0000 2018,0.0,0.857,0.143,"""The enthusiastic viewer should feel he is almost the man on the spot!"" 

In 1949, the BBC announced it would telev… https://t.co/WEoPpkrW1V",69,@BBC
0.0,Sat Mar 24 09:42:34 +0000 2018,0.0,1.0,0.0,RT @BBCNewsNI: Prince Harry and Meghan Markle are visiting Northern Ireland https://t.co/ODxLd1LIr8 https://t.co/s0zPTXj3Tk,70,@BBC
0.0,Sat Mar 24 09:32:59 +0000 2018,0.0,1.0,0.0,"RT @bbcf1: Lewis Hamilton took the first pole of the season in spectacular style ??

https://t.co/a7YDOx0FlQ",71,@BBC
0.4995,Sat Mar 24 09:31:30 +0000 2018,0.0,0.867,0.133,"RT @sportrelief: A humongous THANK YOU to everyone who has taken part, fund-raised &amp; watched over the past weeks &amp; tonight. The #SportRelie…",72,@BBC
0.128,Sat Mar 24 09:31:26 +0000 2018,0.065,0.85,0.085,RT @sportrelief: The nation has joined together for this year's #SportRelief pulling out all the stops to make their steps count. Well done…,73,@BBC
0.0,Sat Mar 24 09:30:13 +0000 2018,0.0,1.0,0.0,?A Cultural history of the avocado: https://t.co/jo1UyWlVw7 https://t.co/7VF6pBpG57,74,@BBC
0.0,Sat Mar 24 08:33:02 +0000 2018,0.0,1.0,0.0,"Meet Alexandre, one of the only male performers of ‘baladi’ – also known as belly dancing – in the Middle East. ?

 https://t.co/K12N1Y6PU7",75,@BBC
0.0,Fri Mar 23 19:07:00 +0000 2018,0.0,1.0,0.0,"RT @BBCOne: .@GaryLineker, @OreOduba, @ThisisDavina &amp; more kick off the biggest ever night of #SportRelief now on @bbcone. @sportrelief 
Fo…",76,@BBC
-0.296,Fri Mar 23 18:03:04 +0000 2018,0.136,0.864,0.0,From @taylorswift13 to @Beyonce: these are the secretive musicians who avoid interviews. ?? https://t.co/nqOmaVMzoo https://t.co/sbDga7L5cp,77,@BBC
0.0,Fri Mar 23 17:33:03 +0000 2018,0.0,1.0,0.0,"Tonight, @GaryLineker, @ThisisDavina and @OreOduba kick off the biggest ever night of @sportrelief! ??????… https://t.co/tgbpC76heP",78,@BBC
0.0,Fri Mar 23 17:02:01 +0000 2018,0.0,1.0,0.0,"Your week, as told by @louistheroux. ??
https://t.co/Ae6bDBpIBW",79,@BBC
0.0,Fri Mar 23 16:27:45 +0000 2018,0.0,1.0,0.0,"RT @BBCWales: A #DanceForParkinsons session with @ndcwales for @GetCreativeUK in #Cardiff this week 

Find out what’s happening on the fina…",80,@BBC
0.7783,Fri Mar 23 16:00:12 +0000 2018,0.0,0.714,0.286,"Meet Australian maths teacher Eddie Woo, who has won fans worldwide with his high-energy lessons, posted on YouTube… https://t.co/vTfNDZzA3b",81,@BBC
-0.4479,Fri Mar 23 14:33:40 +0000 2018,0.172,0.828,0.0,"RT @BBCOne: No @andy_murray, this is not a dream. @GeriHalliwell really IS in your bedroom making you sing Spice Girls songs ?

@sportrelie…",82,@BBC
0.5994,Fri Mar 23 14:03:08 +0000 2018,0.0,0.813,0.187,These beautiful photographs reveal how refugees in Tyneside have turned to the healing powers of gardening. ??… https://t.co/2gq0t9FnIR,83,@BBC
-0.4767,Fri Mar 23 14:00:02 +0000 2018,0.129,0.871,0.0,"How would you react if you woke up and found Michael McIntyre and Peppa Pig in your bedroom? 

Poor @AndyMurray…

S… https://t.co/7ZP0hUYeKr",84,@BBC
0.6114,Fri Mar 23 13:33:04 +0000 2018,0.0,0.8,0.2,Spring is here! ??? Make the most of seasonal ingredients with these delicious soup recipes. https://t.co/fXp7eJXoJc https://t.co/hA1b2bdSrd,85,@BBC
0.4939,Fri Mar 23 13:03:02 +0000 2018,0.0,0.741,0.259,"Want to get creative this weekend? Here's how to make a hooky rug. 
#MakeCraftBritain 
https://t.co/uqibyP09s7",86,@BBC
0.0,Fri Mar 23 11:42:55 +0000 2018,0.0,1.0,0.0,RT @BBCSport: He was one of English football's first black players and the British Army's first ever black officer to command white troops.…,87,@BBC
-0.2006,Fri Mar 23 11:42:51 +0000 2018,0.139,0.754,0.107,RT @BBCRadio2: ? “I thought the script was really frightening and original.” Martin Freeman chats to @achrisevans about his creepy new film…,88,@BBC
0.0,Fri Mar 23 11:42:48 +0000 2018,0.0,1.0,0.0,RT @BBCTwo: Our entire weekend plans. ?? #BigCatsAboutTheHouse https://t.co/vl0zUcCdmI,89,@BBC
0.3612,Fri Mar 23 11:42:43 +0000 2018,0.0,0.872,0.128,"RT @sportrelief: It looks like #TeamGryffindor are storming ahead in the #HogwartsLeague in the #SportRelief app. 

#TeamHufflepuff, #TeamS…",90,@BBC
0.2648,Fri Mar 23 11:30:05 +0000 2018,0.0,0.897,0.103,???Some blueberry muffins sold by cafes and supermarkets contain more than the recommended daily intake of sugar fo… https://t.co/9bh6K8aMH2,91,@BBC
-0.6016,Fri Mar 23 10:33:01 +0000 2018,0.187,0.813,0.0,"Friday night is CELEBRITY FIGHT NIGHT! ??

Who'll be victorious? Tune in to #SportRelief to find out!

https://t.co/9ZhgNGmxOD",92,@BBC
0.8555,Fri Mar 23 10:03:03 +0000 2018,0.0,0.657,0.343,"Scrolling through headlines, the world can feel like a pretty dark place. So here are nine reasons to be happy. ? ?… https://t.co/KrNoB0qaqC",93,@BBC
0.765,Fri Mar 23 09:30:03 +0000 2018,0.0,0.583,0.417,"Would you want secret helpers like these to help you out in nerve-wracking situations? #TheSecretHelpers 
https://t.co/ua2X4vxKR3",94,@BBC
0.0,Fri Mar 23 08:33:01 +0000 2018,0.0,1.0,0.0,"Meet the first polar bear cub to be born in the UK in 25 years. ?
https://t.co/njq1r6eONE",95,@BBC
0.1511,Thu Mar 22 21:39:27 +0000 2018,0.0,0.85,0.15,"RT @BBCOne: All hail queen Kat! ?? 

#EastEnders @BBCEastenders https://t.co/PLmAc53L6t",96,@BBC
0.2732,Thu Mar 22 21:30:01 +0000 2018,0.0,0.884,0.116,"Istanbul's Blue Mosque looks spectacular. @wmarybeard looks at the art, meaning and significance of calligraphy the… https://t.co/Mv3voUkcvc",97,@BBC
0.0,Thu Mar 22 21:20:05 +0000 2018,0.0,1.0,0.0,? The artist reimagining Islamic calligraphy for the 21st Century: https://t.co/wgbVwZLDEa #Civilisations https://t.co/nxW6Sokjdn,98,@BBC
-0.6486,Thu Mar 22 20:30:01 +0000 2018,0.202,0.798,0.0,"In 1918, the very first signs of the Spanish Flu pandemic were kept under wraps. So how did the deadly illness get… https://t.co/zuZryXLihL",99,@BBC
0.296,Tue Mar 27 17:00:00 +0000 2018,0.0,0.901,0.099,Join @eltonofficial and some of today's hottest names in music when they take the stage to perform his most memorab… https://t.co/jz0jaShZIj,0,@CBS
0.508,Mon Mar 26 22:14:25 +0000 2018,0.0,0.88,0.12,"RT @ACMawards: The ACM for New Vocal Group of the Year goes to @MidlandOfficial! And yes, that really was @Reba on the phone! #ACMawards ht…",1,@CBS
0.0,Mon Mar 26 20:42:48 +0000 2018,0.0,1.0,0.0,"RT @ACMawards: In case you didn’t know, the ACM for New Male Vocalist of the Year goes to @BrettYoungMusic. Check out his reaction when @Re…",2,@CBS
0.7959,Mon Mar 26 16:59:19 +0000 2018,0.0,0.786,0.214,RT @ACMawards: Over the weekend @Reba called the ACM New Artist of the Year winners to let them know they had won! Let’s just say our New F…,3,@CBS
0.807,Mon Mar 26 16:05:18 +0000 2018,0.0,0.622,0.378,"Congratulations to the 53rd #ACMawards New Artist winners @Lauren_Alaina, @MidlandOfficial, and @BrettYoungMusic! W… https://t.co/Fr8H4arwGj",4,@CBS
0.0,Sun Mar 25 23:57:34 +0000 2018,0.0,1.0,0.0,New start times in East/Central Time Zones #60Minutes 7:35ET/6:35CT #Instinct  8:35ET/7:35CT #NCISLA 9:35ET/8:35CT… https://t.co/8W5hAeLrvs,5,@CBS
0.5319,Sun Mar 25 17:15:25 +0000 2018,0.062,0.78,0.157,Don’t miss a minute of the action. Stream the Elite Eight® games LIVE today starting at 2PM ET with a FREE trial of… https://t.co/8NwU8HdiHR,6,@CBS
0.5399,Sat Mar 24 22:46:53 +0000 2018,0.0,0.801,0.199,RT @MomCBS: That's a wrap on the #Mom panel at #PaleyFest! Thanks for following along! https://t.co/we4JgqPt6P,7,@CBS
-0.34,Sat Mar 24 22:46:43 +0000 2018,0.185,0.7,0.115,RT @MomCBS: A fan just commented that #Mom helped bring him out of a deep depression. ??? #PaleyFest,8,@CBS
0.7003,Sat Mar 24 22:25:03 +0000 2018,0.0,0.791,0.209,"RT @MomCBS: ""Go out for it anyway. If you're good for the role, you're good for the role."" @theJaimePressly's advice for aspiring actors wi…",9,@CBS
0.0,Sat Mar 24 22:21:37 +0000 2018,0.0,1.0,0.0,RT @MomCBS: Mom Co-Creator @GemmaRBaker just pointed out her own #Mom in the audience at #PaleyFest! ?,10,@CBS
0.0,Sat Mar 24 22:21:34 +0000 2018,0.0,1.0,0.0,"RT @MomCBS: ""I'm not someone in recovery who goes to AA, but I have taken so much away from it...to take one day at a time."" - @theJaimePre…",11,@CBS
0.7184,Sat Mar 24 22:21:26 +0000 2018,0.0,0.667,0.333,"RT @MomCBS: ""You get to appreciate working with such talented people."" - @AnnaKFaris #Mom #PaleyFest",12,@CBS
0.9451,Sat Mar 24 22:21:23 +0000 2018,0.0,0.58,0.42,RT @MomCBS: “I love this job. I love working with these women. I love working in front of the live audience… It’s alive and it’s fun.” - @A…,13,@CBS
0.0,Sat Mar 24 20:00:02 +0000 2018,0.0,1.0,0.0,"Get on your feet for @Jason_Aldean, @ThomasRhett, @ChrisStapleton, @KeithUrban, and @ChrisYoungMusic, the five nomi… https://t.co/oT5ogjdj4x",14,@CBS
0.6996,Fri Mar 23 22:33:52 +0000 2018,0.0,0.806,0.194,Get ready for some sweet games! Stream #5 Clemson vs #1 Kansas LIVE at 7PM ET and #11 Syracuse vs #2 Duke LIVE at 9… https://t.co/4WstgrKNnW,15,@CBS
0.4939,Fri Mar 23 22:33:04 +0000 2018,0.0,0.686,0.314,RT @SEALTeamCBS: In honor of #NationalPuppyDay... ? #SEALTeam https://t.co/4mIZPpiRlU,16,@CBS
0.8997,Fri Mar 23 22:32:48 +0000 2018,0.0,0.645,0.355,"RT @HawaiiFive0CBS: Nothing like a man and his dog! ?? Happy #NationalPuppyDay to Eddie, the best pup on the Five-0 Task Force! #H50 https:…",17,@CBS
0.0,Thu Mar 22 22:10:29 +0000 2018,0.0,1.0,0.0,Game on! 16 teams left and the race to the finish continues tonight. Stream #11 Loyola-Chicago vs #7 Nevada LIVE at… https://t.co/W374rmzzoC,18,@CBS
0.7081,Thu Mar 22 20:52:02 +0000 2018,0.066,0.623,0.311,Save the date! These are season finales you do NOT want to miss. RT if you're excited! https://t.co/UUQoWsPPSh https://t.co/cDl4WmxMtU,19,@CBS
0.636,Thu Mar 22 00:23:38 +0000 2018,0.0,0.802,0.198,Congratulations to all of the @CBSDaytime nominees for the #DaytimeEmmys! See the full list of #DaytimeEmmy nominee… https://t.co/ivJVJWvfsf,20,@CBS
0.0,Wed Mar 21 18:00:01 +0000 2018,0.0,1.0,0.0,Female Vocalist Of The Year nominee @MarenMorris will show her fans how it’s done when she takes the stage to showc… https://t.co/PITjmAoFT8,21,@CBS
0.5106,Tue Mar 20 20:00:01 +0000 2018,0.0,0.858,0.142,The legendary @Reba returns to host the 53rd #ACMawards and she’s proving just how comfortable she is behind the mi… https://t.co/XPXcSPRXqC,22,@CBS
0.0,Tue Mar 20 17:58:43 +0000 2018,0.0,1.0,0.0,RT @nancyodell: Told my daughter I'd be presenting at @ACMawards again this year. (Woot woot!We both luv country music!)She took this pic o…,23,@CBS
0.5562,Tue Mar 20 16:52:42 +0000 2018,0.0,0.826,0.174,RT @ladyantebellum: Ecstatic to announce we'll be performing at the #ACMawards in Las Vegas again this year! https://t.co/Qfhs94j6FR,24,@CBS
0.0,Tue Mar 20 16:11:00 +0000 2018,0.0,1.0,0.0,"Country superstars @kennychesney, @ladyantebellum, @blakeshelton, and @KeithUrban have just been added to the stell… https://t.co/bJ4If7MacP",25,@CBS
0.7845,Mon Mar 19 21:02:26 +0000 2018,0.072,0.619,0.309,"RT @YandR_CBS: Forever evolving, Forever inspiring, Forever Young and Restless. ?? Get ready to celebrate 45 years of #YR starting in just…",26,@CBS
0.0,Sun Mar 18 23:44:30 +0000 2018,0.0,1.0,0.0,New start times in East/Central Time Zones: #60Minutes 7:37ET/6:37CT #Instinct series premiere 8:37ET/7:37CT… https://t.co/xT3YKqmu2M,27,@CBS
0.6514,Sun Mar 18 18:05:43 +0000 2018,0.0,0.787,0.213,Spend your Sunday streaming Second Round games LIVE with a FREE trial of CBS All Access! https://t.co/3P85rXLy4b https://t.co/zbWfirD9Ju,28,@CBS
0.1867,Sun Mar 18 17:09:53 +0000 2018,0.0,0.92,0.08,"RT @instinctcbs: TONIGHT, Dr. Dylan Reinhart rewrites the book on abnormal behavior. Don't miss the premiere of #Instinct at 8/7c! https://…",29,@CBS
0.0,Sat Mar 17 19:00:02 +0000 2018,0.0,1.0,0.0,"If any duo knows how to rock the stage, it's @FLAGALine. The Vocal Duo Of The Year nominee will perform live at the… https://t.co/FknabB8NQp",30,@CBS
0.6166,Sat Mar 17 17:42:43 +0000 2018,0.0,0.839,0.161,How is your bracket looking after last night? Stream Second Round games LIVE today with a FREE trial of CBS All Acc… https://t.co/25JlIpgwog,31,@CBS
0.7096,Sat Mar 17 14:00:03 +0000 2018,0.0,0.753,0.247,Where better to spend #StPatricksDay than the place everybody knows your name? It’s just your luck that every singl… https://t.co/Fom5wmdENL,32,@CBS
0.296,Fri Mar 16 22:53:21 +0000 2018,0.0,0.896,0.104,Stars @JakeMcDorman and Nik Dodani will join the cast in the upcoming revival of Murphy Brown coming to CBS.… https://t.co/JCAx29lo0i,33,@CBS
0.0,Fri Mar 16 18:15:53 +0000 2018,0.0,1.0,0.0,"RT @thegoodfight: Go behind the scenes with costume designer @DanLawsonStyle in ""Behind The Style,"" a new weekly video series all about the…",34,@CBS
0.6514,Fri Mar 16 16:28:40 +0000 2018,0.0,0.822,0.178,The games have just begun! Continue to stream First Round games LIVE today with a FREE trial of CBS All Access:… https://t.co/YTGsJ48zYP,35,@CBS
0.7088,Thu Mar 15 17:54:06 +0000 2018,0.0,0.763,0.237,"RT @TheTalkCBS: You asked, we answered! The fun never ends when the ladies #KeepTalking and answer your fan questions ???? https://t.co/ie1…",36,@CBS
-0.4939,Thu Mar 15 17:20:26 +0000 2018,0.157,0.766,0.077,RT @instinctcbs: Dr. Dylan Reinhart is lured back into the field from his life of quiet academia when a certain serial killer makes things…,37,@CBS
0.6514,Thu Mar 15 16:42:41 +0000 2018,0.0,0.806,0.194,Stream First Round games LIVE today starting at 12PM ET with a FREE trial of CBS All Access! https://t.co/3P85rXLy4b https://t.co/vZow3YD8cb,38,@CBS
0.6115,Thu Mar 15 14:32:16 +0000 2018,0.0,0.734,0.266,RT @CBSSports: It's the most wonderful time of the year. #MarchMadness https://t.co/e4c9qohqSR,39,@CBS
0.6696,Wed Mar 14 19:30:01 +0000 2018,0.0,0.781,0.219,"Give these ladies some love! @Lauren_Alaina, @DBradbery, @carlypearce, and @RaeLynn are nominated for New Female Vo… https://t.co/IVhwURfJ3S",40,@CBS
0.3612,Tue Mar 13 18:48:52 +0000 2018,0.0,0.857,0.143,"RT @ManWithAPlan: Hungry for more #ManWithAPlan bloopers and behind-the-scenes videos featuring cast like @matt_leblanc, @thelizasnyder, @k…",41,@CBS
0.539,Tue Mar 13 14:15:10 +0000 2018,0.0,0.821,0.179,"Music stars @MileyCyrus, @edsheeran, @ladygaga, and more will honor the legendary @eltonofficial and his hit songs… https://t.co/UzxARCCLnI",42,@CBS
0.2244,Mon Mar 12 18:13:28 +0000 2018,0.0,0.917,0.083,RT @thegoodfight: The verdict is in. The new season of #TheGoodFight is ???! Stream it now on CBS All Access: https://t.co/FkYSNSXlRb https…,43,@CBS
0.0,Mon Mar 12 01:20:43 +0000 2018,0.0,1.0,0.0,"RT @MadamSecretary: In less than an hour, #MadamSecretary's Keith Carradine will be taking over the @MadamSecretary Twitter page! Tweet alo…",44,@CBS
0.4926,Fri Mar 09 22:48:26 +0000 2018,0.0,0.883,0.117,RT @DierksBentley: Take and post a photo of the woman in your life who inspires you daily! Use the hashtag #WomanAmenACM in your post for a…,45,@CBS
0.1275,Fri Mar 09 22:24:20 +0000 2018,0.092,0.795,0.113,"RT @MomCBS: If you missed guest star @KChenoweth in the latest episode of #Mom, not to worry! Watch now: https://t.co/RlvXoGOZ0l https://t.…",46,@CBS
0.4215,Fri Mar 09 21:10:21 +0000 2018,0.0,0.823,0.177,"Give a round of applause to @KelseaBallerini, @MirandaLambert, @Reba, @MarenMorris, and @CarrieUnderwood, the five… https://t.co/Ncp1BTXx6N",47,@CBS
0.8658,Fri Mar 09 18:27:28 +0000 2018,0.0,0.553,0.447,"RT @thegoodfight: Smart, sexy, and sophisticated. See what's coming this season on #TheGoodFight. https://t.co/CuKhx2G50P https://t.co/ygTI…",48,@CBS
0.0,Fri Mar 09 16:02:27 +0000 2018,0.0,1.0,0.0,RT @BlueBloods_CBS: Even stand-up guys fall down sometimes. #BlueBloods is new tonight at 10/9c! https://t.co/UOlDm22wWW,49,@CBS
0.8625,Thu Mar 08 18:00:49 +0000 2018,0.0,0.664,0.336,Today and every day we celebrate the women in our lives who empower and inspire us. Share a story about an influent… https://t.co/9rVtqrElvT,50,@CBS
0.4926,Thu Mar 08 17:03:04 +0000 2018,0.0,0.868,0.132,Take and post a photo of the woman in your life who inspires you daily! Use the hashtag #WomanAmenACM in your post… https://t.co/7ShhvE48zy,51,@CBS
-0.2023,Wed Mar 07 18:39:10 +0000 2018,0.23,0.619,0.15,"RT @thegoodfight: Meticulously constructed. Soapy &amp; sexy. Intoxicating, savage television. ? Here's what critics are saying about #TheGoodF…",52,@CBS
0.0,Wed Mar 07 17:06:02 +0000 2018,0.0,1.0,0.0,"This just in! @Jason_Aldean, @mirandalambert, @LukeBryanOnline, and many more are set to perform at the 53rd Academ… https://t.co/mfxw2VxzU4",53,@CBS
0.6705,Tue Mar 06 18:10:59 +0000 2018,0.0,0.756,0.244,"Meet the ensemble of talented actors slated to join $1, a new mystery series coming to CBS All Access:… https://t.co/QoyYv7vxwg",54,@CBS
0.3818,Mon Mar 05 22:16:43 +0000 2018,0.0,0.833,0.167,"Will @Jason_Aldean, @garthbrooks, @LukeBryanOnline, @ChrisStapleton, or @KeithUrban be named Entertainer Of The Yea… https://t.co/rMD8zjeX3s",55,@CBS
0.4404,Sun Mar 04 08:05:26 +0000 2018,0.0,0.884,0.116,"RT @thegoodfight: It feels good to be back. ??? The season 2 premiere of #TheGoodFight is now streaming, exclusively on CBS All Access: htt…",56,@CBS
0.0,Sat Mar 03 20:55:20 +0000 2018,0.0,1.0,0.0,"RT @thegoodfight: Tomorrow, #TheGoodFight is back. Stream the season 2 premiere only on CBS All Access: https://t.co/tNFR8LBJO2 https://t.c…",57,@CBS
0.7096,Fri Mar 02 22:30:01 +0000 2018,0.0,0.753,0.247,"Who are the trailblazing women in your life that inspire you? Join CBS and the ANA's #SeeHer initiative, celebratin… https://t.co/M0KqZ41Bes",58,@CBS
0.7096,Fri Mar 02 20:30:01 +0000 2018,0.0,0.718,0.282,"Join @maria_bello, @aishatyler and @TeaLeoni in celebrating the accomplishments of women who have contributed to th… https://t.co/MefESBeFL3",59,@CBS
0.4939,Fri Mar 02 18:45:00 +0000 2018,0.0,0.849,0.151,"In honor of Women's History Month, CBS and the Association of National Advertisers' (ANA) #SeeHer initiative will p… https://t.co/2wtYxKJVuO",60,@CBS
-0.6981,Thu Mar 01 18:59:01 +0000 2018,0.21,0.79,0.0,RT @ZoeListerJones: Tonight’s an all new Life In Pieces and it’s directed by my ride or die @nataliaanderson!!!… https://t.co/2LPfmyLWrY,61,@CBS
0.4547,Thu Mar 01 18:12:57 +0000 2018,0.092,0.749,0.159,"RT @MarenMorris: Hot damn! Woke up from my post-wisdom teeth haze to find out I’m up for 4 @ACMawards ! So honored, especially for the Dear…",62,@CBS
0.8591,Thu Mar 01 18:11:50 +0000 2018,0.0,0.462,0.538,RT @KelseaBallerini: Ohhhhh goodness. Incredible. Thank you thank you thank you. #female https://t.co/1ZTYjNfQeF,63,@CBS
0.4885,Thu Mar 01 18:10:50 +0000 2018,0.151,0.615,0.234,RT @KeithUrban: ACMs...... HOLY SMOKES!!!!! MAD LOVE TO U ALL THIS MORNING  FOR THESE INCREDIBLE NOMINATIONS. I’M EXTREMELY GRATEFUL!!!!!!!…,64,@CBS
0.5994,Thu Mar 01 14:36:21 +0000 2018,0.0,0.822,0.178,"RT @ACMawards: Congratulations to this year’s #ACMawards Video of the Year nominees:
“Black” - @DierksBentley
“It Ain’t My Fault” - @Brothe…",65,@CBS
0.7717,Thu Mar 01 14:29:20 +0000 2018,0.0,0.675,0.325,"RT @ACMawards: Please give a round of applause to this year’s #ACMawards Entertainer of the Year nominees: @Jason_Aldean, @GarthBrooks, @Lu…",66,@CBS
0.6908,Thu Mar 01 14:15:29 +0000 2018,0.0,0.725,0.275,".@ChrisStapleton, @ThomasRhett, @mirandalambert and more are all nominated for awards at Country Music's Party of t… https://t.co/Vm1vXRUDYJ",67,@CBS
0.0,Thu Mar 01 13:50:11 +0000 2018,0.0,1.0,0.0,"The Queen of Country, @Reba, is returning to host the 53rd #ACMawards on Sunday, April 15 at 8/7c. Here are a few o… https://t.co/Iqzz6Gql01",68,@CBS
0.0,Thu Mar 01 01:04:52 +0000 2018,0.0,1.0,0.0,RT @survivorcbs: It’s time! #Survivor https://t.co/YPk6cGWrUA,69,@CBS
0.0,Wed Feb 28 19:56:58 +0000 2018,0.0,1.0,0.0,"RT @CBSThisMorning: TOMORROW: The nominees for the 2018 @ACMawards will be announced live by the one-and-only, @Reba! 

Watch on @CBS in ou…",70,@CBS
0.4404,Wed Feb 28 19:08:30 +0000 2018,0.0,0.884,0.116,"RT @thegoodfight: From the set design and costumes to hair and makeup, the production quality is truly next-level. Take a peek inside the u…",71,@CBS
0.5562,Tue Feb 27 03:23:47 +0000 2018,0.0,0.848,0.152,RT @LivinBiblically: The fun continues on Facebook! The #LivingBiblically cast is live to talk about tonight’s premiere. Tune in here: http…,72,@CBS
0.0,Mon Feb 26 22:50:32 +0000 2018,0.0,1.0,0.0,"RT @KevinCanWaitCBS: Can you get all the way through these #KevinCanWait bloopers without laughing?! @KevinJames,@LeahRemini and the rest o…",73,@CBS
0.0,Mon Feb 26 21:08:30 +0000 2018,0.0,1.0,0.0,"RT @ACMawards: That’s right! @Reba is headed to @CBSThisMorning on Thursday, March 1 to announce this year’s #ACMAwards' nominees. Tune in…",74,@CBS
0.4482,Mon Feb 26 19:53:41 +0000 2018,0.0,0.895,0.105,"RT @ScorpionCBS: You can't hack your way to a 197 IQ, but you are well on your way with these Genius Facts from #TeamScorpion! ? You can be…",75,@CBS
0.784,Mon Feb 26 18:32:36 +0000 2018,0.0,0.734,0.266,RT @SuperiorDonuts: You can always count on @DavidKoechner for a laugh! Did your favorite Tush moment make the list? Catch a new #SuperiorD…,76,@CBS
0.9359,Mon Feb 26 18:20:16 +0000 2018,0.0,0.571,0.429,RT @TheTalkCBS: TODAY: We loved them together then &amp; we love seeing them together now! Welcome back to the show @THESaraGilbert?'s good fri…,77,@CBS
-0.5423,Mon Feb 26 16:53:56 +0000 2018,0.184,0.816,0.0,"RT @thegoodfight: As foundations begin to crumble, our characters struggle to make sense of this new dystopian world. The cast teases what'…",78,@CBS
0.0,Mon Feb 26 16:52:01 +0000 2018,0.0,1.0,0.0,"#LivingBiblically's @linzkraft and @jrfergjr appeared on @KCBS's Facebook Live this morning, talking all about what… https://t.co/4RebcHuuMQ",79,@CBS
0.0,Mon Feb 26 16:17:55 +0000 2018,0.0,1.0,0.0,"RT @CBSSports: Introducing CBS Sports HQ, a New 24/7 Direct-to-Consumer Streaming Network for Sports News, Highlights, &amp; Analysis.

Stream…",80,@CBS
0.7644,Mon Feb 26 01:12:32 +0000 2018,0.0,0.769,0.231,"RT @CBSBigBrother: It’s down to the final 5 celebrity Houseguests, and anyone could take home the grand prize! Tune in NOW to watch the #BB…",81,@CBS
0.0,Sun Feb 25 21:51:32 +0000 2018,0.0,1.0,0.0,RT @startrekcbs: Binge the entire first season of #StarTrekDiscovery. All episodes now streaming exclusively on CBS All Access: https://t.c…,82,@CBS
0.0,Sun Feb 25 21:51:22 +0000 2018,0.0,1.0,0.0,"RT @thegoodfight: #TheGoodFight returns in 1 week. Season 2 premieres Sunday, March 4. https://t.co/nomCao1GWp https://t.co/BOn6bOe9Tb",83,@CBS
0.5093,Fri Feb 23 18:15:40 +0000 2018,0.0,0.845,0.155,RT @thegoodfight: This is our new favorite thing. Christine Baranski debuted #TheGoodFight the Musical on @colbertlateshow last night! ??…,84,@CBS
0.0,Thu Feb 22 19:26:52 +0000 2018,0.0,1.0,0.0,"RT @LivinBiblically: Confession time: have YOU ever hit the ""close door"" button in an elevator while somebody was approaching? The cast of…",85,@CBS
0.0,Wed Feb 21 19:20:04 +0000 2018,0.0,1.0,0.0,RT @CBSEyeSpeak: Mark your calendars! #CBSEyeSpeak kicks off March 14 with The EYE Speak Summit. Follow our page for more details! https://…,86,@CBS
0.6808,Wed Feb 21 18:19:25 +0000 2018,0.0,0.752,0.248,"RT @CBSEyeSpeak: Proud to announce a new CBS initiative, promoting female empowerment and developing the next generation of leaders through…",87,@CBS
0.4404,Tue Feb 20 19:55:19 +0000 2018,0.0,0.884,0.116,"RT @LivinBiblically: When you're living by the Bible, it's good to have a priest and a rabbi on call (provided they answer their phones, th…",88,@CBS
-0.4019,Tue Feb 20 17:58:18 +0000 2018,0.119,0.881,0.0,"RT @thegoodfight: Chicago lawyers are being hunted and the world is going insane. 

The new season of #TheGoodFight premieres Sunday, March…",89,@CBS
0.3612,Tue Feb 20 17:39:51 +0000 2018,0.0,0.872,0.128,Ready for some larger than life competition? This new series from @MarkBurnettTV will premiere in summer 2018.… https://t.co/gDXHLdIJ5v,90,@CBS
0.6124,Sat Feb 17 01:07:20 +0000 2018,0.0,0.773,0.227,"With tournament dreams on the line, make sure to stream these college basketball matchups on CBS All Access:… https://t.co/SGkYUZrQWB",91,@CBS
0.3182,Fri Feb 16 18:42:43 +0000 2018,0.0,0.892,0.108,"RT @LivinBiblically: While Chip's sticking to the Bible's original rules, the cast of #LivingBiblically has given them a more modern makeov…",92,@CBS
0.68,Fri Feb 16 17:48:20 +0000 2018,0.0,0.752,0.248,"Casting News! Peter Mark Kendall, Michael Gaston, Greg Wise, Rade Šerbedžija, Zack Pearlman, and Keye Chen join the… https://t.co/GFob2KrD8H",93,@CBS
0.8619,Wed Feb 14 19:23:27 +0000 2018,0.0,0.534,0.466,RT @BullCBS: The verdict is in...#Bull is the perfect Valentine! ?? Happy #ValentinesDay! https://t.co/poEejI4AnC,94,@CBS
0.0,Tue Feb 13 20:03:56 +0000 2018,0.0,1.0,0.0,"RT @NoActivityCBS: Car 27 reporting: Season 2 of #NoActivity coming soon!

Binge season one now on CBS All Access: https://t.co/yvxoQMeyhN…",95,@CBS
0.7506,Tue Feb 13 18:54:52 +0000 2018,0.0,0.748,0.252,"RT @LivinBiblically: Against all odds (and the advice of his God Squad), Chip is determined to live life by the Good Book. Think you could…",96,@CBS
0.0,Mon Feb 12 18:49:45 +0000 2018,0.0,1.0,0.0,RT @thegoodfight: Christine Baranski reflects upon the spectacular metamorphosis of her character in #TheGoodFight's first season. Revisit…,97,@CBS
0.0,Mon Feb 12 01:32:33 +0000 2018,0.0,1.0,0.0,RT @startrekcbs: Binge the entire first season of #StarTrekDiscovery. All 15 episodes now streaming on CBS All Access: https://t.co/lKLaptP…,98,@CBS
0.8478,Fri Feb 09 00:50:01 +0000 2018,0.0,0.696,0.304,RT @SuperiorDonuts: Looking for a #Valentine? Tush is here to help you land your dream date just in time for the day of love! #SuperiorDonu…,99,@CBS
-0.3612,Tue Mar 27 19:47:32 +0000 2018,0.098,0.902,0.0,RT @CNNMoney: The Dow has fallen more than 400 points after rising more than 200 points earlier. We're watching the markets live on a rolle…,0,@CNN
-0.6908,Tue Mar 27 19:46:03 +0000 2018,0.299,0.701,0.0,Russian President Vladimir Putin's missteps over the Russian spy murder https://t.co/af6zPuDdnd https://t.co/xMJN5CRN4G,1,@CNN
0.4215,Tue Mar 27 19:39:07 +0000 2018,0.0,0.851,0.149,US Ambassador to the United Nations Nikki Haley berates Russia and UN colleagues over Syria https://t.co/TDXyIf7w2E https://t.co/3SDybcWC2M,2,@CNN
0.1027,Tue Mar 27 19:33:01 +0000 2018,0.0,0.903,0.097,Thinking of freelancing? Here's what the new tax law does for you https://t.co/ZX8iOVkwDl https://t.co/8yfDGS3Qld,3,@CNN
0.0,Tue Mar 27 19:31:04 +0000 2018,0.0,1.0,0.0,How Gina Haspel is trying to overcome her past to become the next CIA director https://t.co/Hupze3SL5g https://t.co/tZuyAth9D6,4,@CNN
0.0,Tue Mar 27 19:26:04 +0000 2018,0.0,1.0,0.0,Quickly catch up on the day's news https://t.co/vYRj1WjUeO https://t.co/df9LJv9R5F,5,@CNN
0.0,Tue Mar 27 19:24:03 +0000 2018,0.0,1.0,0.0,President Trump has privately floated the idea of funding construction of a border wall with Mexico through the US… https://t.co/ImTXba0XRY,6,@CNN
0.0,Tue Mar 27 19:19:03 +0000 2018,0.0,1.0,0.0,"In Trump's world, once you check in you rarely check out https://t.co/jE3V3i1KT2 https://t.co/DG5xRFRsGV",7,@CNN
0.5267,Tue Mar 27 19:15:26 +0000 2018,0.0,0.861,0.139,"RT @CNNPolitics: Sanders on retired SCOTUS Justice John Paul Stevens calling for the Second Amendment to be repealed: ""The President and th…",8,@CNN
0.1477,Tue Mar 27 19:13:45 +0000 2018,0.0,0.915,0.085,White House press secretary Sarah Sanders on Jimmy Carter's statement that most people want a president with basic… https://t.co/u2W0Bd4JQ7,9,@CNN
-0.34,Tue Mar 27 19:12:03 +0000 2018,0.179,0.821,0.0,"Fire service 2 hours late to Manchester bombing scene, report finds https://t.co/KxQvSS47Ht https://t.co/b0zgunz322",10,@CNN
-0.5574,Tue Mar 27 19:08:08 +0000 2018,0.167,0.833,0.0,White House press secretary Sarah Sanders says President Trump has spoken with Rob Porter once since his departure… https://t.co/xIy7nrsWvt,11,@CNN
0.296,Tue Mar 27 19:05:06 +0000 2018,0.0,0.82,0.18,"""Dancing With the Stars"" pros share first wedding photo https://t.co/yQpnus99lQ https://t.co/gWeNSS1tbC",12,@CNN
0.0,Tue Mar 27 19:04:26 +0000 2018,0.0,1.0,0.0,White House press secretary Sarah Sanders says President Trump “still has plans to look at potential ways” for Mexi… https://t.co/zN3CeFk4Co,13,@CNN
-0.4404,Tue Mar 27 19:01:44 +0000 2018,0.112,0.888,0.0,"RT @CNNPolitics: Sanders on the $130,000 payoff Trump’s lawyer made to Stormy Daniels: “I can tell you that the President has denied the al…",14,@CNN
0.0,Tue Mar 27 18:58:05 +0000 2018,0.0,1.0,0.0,"Rapper Cardi B unveils ""Invasion of Privacy"" album cover and announces release date https://t.co/RqlrzLo5Jx https://t.co/WgIjn55o2S",15,@CNN
0.4939,Tue Mar 27 18:51:32 +0000 2018,0.0,0.814,0.186,Stormy Daniels' friend says she also plans to sue Michael Cohen for defamation https://t.co/160UBGcY3A https://t.co/DtI4QlhPAb,16,@CNN
0.128,Tue Mar 27 18:46:51 +0000 2018,0.0,0.923,0.077,White House press secretary Sarah Sanders on Trump’s legal team: “The President has a highly qualified team with se… https://t.co/dxsY5JHrBN,17,@CNN
0.0,Tue Mar 27 18:44:13 +0000 2018,0.0,1.0,0.0,White House press secretary Sarah Sanders says adding the question about citizenship in the 2020 Census is “necessa… https://t.co/GDH95SfAkU,18,@CNN
-0.1027,Tue Mar 27 18:44:07 +0000 2018,0.113,0.887,0.0,Health agency warns UK parents as scarlet fever cases soar https://t.co/kbNkN628FM https://t.co/ka59wPUOBh,19,@CNN
-0.5994,Tue Mar 27 18:37:05 +0000 2018,0.353,0.647,0.0,Arrest made over suspicious packages sent to military facilities https://t.co/HX4MV3mEu2 https://t.co/bfNd83E9nA,20,@CNN
0.0,Tue Mar 27 18:34:33 +0000 2018,0.0,1.0,0.0,"Sarah Sanders holds the White House press briefing. Watch CNN: https://t.co/UYpqI3w42L

Watch on Facebook:… https://t.co/8nxOpQ4777",21,@CNN
-0.4939,Tue Mar 27 18:30:07 +0000 2018,0.242,0.758,0.0,"""Chappaquiddick"" explores one of Sen. Ted Kennedy's darkest hours https://t.co/bsLhkMWJKP https://t.co/qUJFxcluUa",22,@CNN
0.7269,Tue Mar 27 18:27:44 +0000 2018,0.0,0.679,0.321,"President Trump is slated to attend a dinner at a private residence in Virginia, giving top supporters of a pro-Tru… https://t.co/YYhy7wNB1b",23,@CNN
-0.1027,Tue Mar 27 18:19:10 +0000 2018,0.1,0.818,0.082,"Bitcoin briefly fell below $8,000 because of concerns that top social media companies are no longer running ads tie… https://t.co/sTYx9YAFNw",24,@CNN
0.0,Tue Mar 27 18:12:06 +0000 2018,0.0,1.0,0.0,North Atlantic right whales may be on edge of extinction. There's been zero births this year.… https://t.co/O1Q84KZBWC,25,@CNN
0.0,Tue Mar 27 18:05:04 +0000 2018,0.0,1.0,0.0,Facebook whistleblower says more companies had access to user data https://t.co/qpDBjaQCeb https://t.co/fwVPIK4IQy,26,@CNN
0.0,Tue Mar 27 17:58:51 +0000 2018,0.0,1.0,0.0,There's so much more to explore in the Caribbean beyond the beaches https://t.co/h7HtGx998g https://t.co/ICQ0ota2yC,27,@CNN
-0.0772,Tue Mar 27 17:51:05 +0000 2018,0.118,0.776,0.106,"The UK should brace for weaker economic growth if fewer immigrants come to its shores after Brexit, according to go… https://t.co/oM0TuRzDUK",28,@CNN
0.0,Tue Mar 27 17:44:03 +0000 2018,0.0,1.0,0.0,Democrats may already be 35% of the way to a House majority https://t.co/vdDbgZWbW0 | Analysis by Harry Enten https://t.co/eetXFmS08f,29,@CNN
-0.4522,Tue Mar 27 17:37:05 +0000 2018,0.156,0.844,0.0,Blue states are far more likely to lose money and power over Census citizenship question https://t.co/iUuXkU2nFN https://t.co/qn32OHixgn,30,@CNN
0.5367,Tue Mar 27 17:30:09 +0000 2018,0.0,0.698,0.302,"""Roseanne"" revival offers more nostalgia than laughs https://t.co/CE0eviVNMq https://t.co/9sxKoKVpFz",31,@CNN
-0.6908,Tue Mar 27 17:23:04 +0000 2018,0.251,0.749,0.0,"Sacramento's police chief faces a test after his officers kill an unarmed, black father https://t.co/1XC2FpCxoF https://t.co/IawY5sWkwc",32,@CNN
0.0,Tue Mar 27 17:17:05 +0000 2018,0.0,1.0,0.0,A 21-year-old journalist is making headlines in Pakistan by becoming the country's first transgender news anchor… https://t.co/Xk5xurmNIt,33,@CNN
-0.5994,Tue Mar 27 17:09:05 +0000 2018,0.187,0.813,0.0,JUST IN: The California attorney general will hold an independent investigation into the shooting death of Stephon… https://t.co/wdEhNzXYTa,34,@CNN
0.5574,Tue Mar 27 17:02:06 +0000 2018,0.0,0.753,0.247,"Wall Street bonuses soar 17% to an average of $184,200 https://t.co/0ogGJoRdbW https://t.co/KFrmweSPZN",35,@CNN
0.0,Tue Mar 27 16:55:03 +0000 2018,0.0,1.0,0.0,Everything you need to know about your Facebook data https://t.co/Ll1SJ0wPqD https://t.co/hM6VzTB5s3,36,@CNN
-0.2732,Tue Mar 27 16:48:04 +0000 2018,0.231,0.769,0.0,3 simple ways to cut your taxes https://t.co/4rrtmwnizm https://t.co/g2rOsnjWyX,37,@CNN
0.0,Tue Mar 27 16:41:03 +0000 2018,0.0,1.0,0.0,"Waymo and Jaguar unveil a self-driving, electric SUV https://t.co/MB0VtinDJI https://t.co/tJn9170y5t",38,@CNN
0.0,Tue Mar 27 16:35:09 +0000 2018,0.0,1.0,0.0,These are President Trump's hires from Fox News https://t.co/Yji7QQbmOV https://t.co/2sRG8Ew7iz,39,@CNN
0.0,Tue Mar 27 16:27:04 +0000 2018,0.0,1.0,0.0,The US needs to borrow almost $300 billion this week https://t.co/GmMnnEsMsP https://t.co/Ysh0qGxHmj,40,@CNN
-0.8442,Tue Mar 27 16:20:06 +0000 2018,0.378,0.622,0.0,The former boss of convicted sexual abuser Larry Nassar has been accused of sexually assaulting female students… https://t.co/tyg59JQoQZ,41,@CNN
0.0,Tue Mar 27 16:13:43 +0000 2018,0.0,1.0,0.0,Mystery train carries rumors about a Kim Jong Un visit to China https://t.co/AlV2sus2ko https://t.co/e1igDRFGFL,42,@CNN
-0.8266,Tue Mar 27 16:06:46 +0000 2018,0.338,0.662,0.0,"After spending 23 years in prison for a crime he didn't commit, Nevest Coleman is back working as a groundskeeper f… https://t.co/F53zPVCfAK",43,@CNN
0.3612,Tue Mar 27 15:59:04 +0000 2018,0.097,0.737,0.166,The brother of slain Democratic National Committee staffer Seth Rich is suing right-wing activists and the Washingt… https://t.co/Ua0Il4salk,44,@CNN
0.1531,Tue Mar 27 15:55:53 +0000 2018,0.0,0.882,0.118,RT @DylanByers: NEW: Mark Zuckerberg *will* testify. Scoop in today’s PACIFIC. https://t.co/ODGsaS7Fxc https://t.co/9ipTN61PFa,45,@CNN
0.806,Tue Mar 27 15:53:08 +0000 2018,0.0,0.697,0.303,"""They didn't have to kill him like that. They didn't have to shoot him that many times."" The grandmother of Stephon… https://t.co/liSflnIQk5",46,@CNN
0.0,Tue Mar 27 15:45:04 +0000 2018,0.0,1.0,0.0,"BREAKING: Mark Zuckerberg has decided to testify before Congress, Facebook sources tell @CNNMoney. Facebook is curr… https://t.co/WBOftoigcP",47,@CNN
-0.5574,Tue Mar 27 15:38:07 +0000 2018,0.205,0.795,0.0,"Prince had a ""exceedingly high"" concentration of fentanyl in his body when he died https://t.co/WLi0DjDSKz https://t.co/PPsyyO1OUJ",48,@CNN
-0.8316,Tue Mar 27 15:32:50 +0000 2018,0.355,0.645,0.0,JUST IN: Louisiana attorney general announces no charges for police who shot and killed Alton Sterling outside a co… https://t.co/kcpC2QBNQg,49,@CNN
0.7783,Tue Mar 27 15:24:04 +0000 2018,0.0,0.688,0.312,Everything you need to know about the 2018 Longines Global Champions Tour and Global Champions League… https://t.co/L0b1Yg1AEU,50,@CNN
0.0,Tue Mar 27 15:17:04 +0000 2018,0.0,1.0,0.0,Simplifying art for the sake of politics https://t.co/zIqifi8A0V https://t.co/svjkehlpu1,51,@CNN
0.4404,Tue Mar 27 15:10:09 +0000 2018,0.0,0.794,0.206,Victor Blackwell is leading the #CNNBrackets challenge with 3 of his #FinalFour picks still alive. Head to… https://t.co/tYZNmX9oM1,52,@CNN
0.0,Tue Mar 27 15:03:05 +0000 2018,0.0,1.0,0.0,"Cops in Tempe, Arizona, now have AR-15s strapped to the back of their motorcycles https://t.co/RHpE6mS6pw https://t.co/8VDevoSqhj",53,@CNN
-0.3089,Tue Mar 27 14:56:02 +0000 2018,0.158,0.842,0.0,America's automakers won't get much help from new South Korea deal https://t.co/oFlbP19yP4 https://t.co/3xWdiYoqpK,54,@CNN
0.0,Tue Mar 27 14:49:07 +0000 2018,0.0,1.0,0.0,"Actor Sean Penn smoked a cigarette during an interview on ""The Late Show With Stephen Colbert,"" and viewers had a s… https://t.co/zbYICmpSMN",55,@CNN
-0.7351,Tue Mar 27 14:42:06 +0000 2018,0.47,0.53,0.0,Sponsors slam Australian cricket team over cheating https://t.co/OsUs4LNngB https://t.co/XjPil3qgB7,56,@CNN
-0.5423,Tue Mar 27 14:42:06 +0000 2018,0.191,0.809,0.0,RT @CNNnewsroom: Republican Rep. Francis Rooney says he's seen no information to contradict what Stormy Daniels and Karen McDougal have sai…,57,@CNN
-0.4497,Tue Mar 27 14:35:47 +0000 2018,0.214,0.7,0.085,"RT @CNNnewsroom: Republican Rep. Francis Rooney: Trump expelling Russian diplomats ""is a good start"" but he should ""denounce Russia's aggre…",58,@CNN
-0.3182,Tue Mar 27 14:35:06 +0000 2018,0.204,0.796,0.0,British sailor lost at sea in around-the-world race https://t.co/p3TrdfaP6u https://t.co/jSCH4YKCoX,59,@CNN
0.0,Tue Mar 27 14:28:07 +0000 2018,0.0,1.0,0.0,California officials sue over the Trump administration's decision to add a question about citizenship to the next c… https://t.co/mKC57J42V8,60,@CNN
0.0,Tue Mar 27 14:21:02 +0000 2018,0.0,1.0,0.0,Taiwan-based company Foxconn makes another big move in the US with Belkin deal https://t.co/ndbT1YIgfX https://t.co/r6cvH0a5Lb,61,@CNN
-0.5267,Tue Mar 27 14:15:09 +0000 2018,0.195,0.805,0.0,How Russian President Vladimir Putin's arrogance handed UK Prime Minister Theresa May a diplomatic coup… https://t.co/Tu6VzaqZAv,62,@CNN
0.6597,Tue Mar 27 14:10:58 +0000 2018,0.12,0.556,0.324,Retired Supreme Court Justice John Paul Stevens argues for repeal of Second Amendment https://t.co/EhKOf7q3aQ https://t.co/wC4Qe9Z4JP,63,@CNN
-0.8625,Tue Mar 27 14:00:03 +0000 2018,0.336,0.664,0.0,"A Maryland teen who was fired on by a school officer died of a bullet from his own gun, officials say. The teen als… https://t.co/LuoBqIwsTm",64,@CNN
0.3818,Tue Mar 27 13:53:05 +0000 2018,0.0,0.729,0.271,Stunning photos capture Egypt's ancient underworld https://t.co/c6EpmnWPMj https://t.co/7dJIs3JD00,65,@CNN
0.0,Tue Mar 27 13:46:05 +0000 2018,0.0,1.0,0.0,A US veteran facing deportation thought he'd just walked through an office door. It was actually Mexico.… https://t.co/hvJsaToG2e,66,@CNN
0.0,Tue Mar 27 13:39:06 +0000 2018,0.0,1.0,0.0,Bread's crust not more nutritious than the rest https://t.co/jRmNuewCWP https://t.co/XnpSXaO8B3,67,@CNN
0.2732,Tue Mar 27 13:32:13 +0000 2018,0.0,0.9,0.1,"Former President Barack Obama says he aspires to create ""a million young Barack Obamas or Michelle Obamas"" who will… https://t.co/jJhn8m6wzW",68,@CNN
0.0,Tue Mar 27 13:15:06 +0000 2018,0.0,1.0,0.0,Meet the man mountain switching military maneuvers for the judo mat https://t.co/MKPpWlkFQm https://t.co/iX3PVRganU,69,@CNN
0.4019,Tue Mar 27 13:02:01 +0000 2018,0.0,0.863,0.137,Two more lawyers turn down an invitation to represent President Trump amid special counsel Robert Mueller's Russia… https://t.co/uVHtQcvqIO,70,@CNN
0.5943,Tue Mar 27 12:45:00 +0000 2018,0.0,0.787,0.213,"""You are looking for a way to impeach my President."" These female Trump supporters say they aren't bothered by Stor… https://t.co/Fk7k9SVaqs",71,@CNN
0.0,Tue Mar 27 12:30:08 +0000 2018,0.0,1.0,0.0,Why would Kim Jong Un make a secret trip to China? https://t.co/fLriLREnPK https://t.co/GGqkwHg9dv,72,@CNN
-0.5423,Tue Mar 27 12:15:05 +0000 2018,0.241,0.759,0.0,"Germany has a far-right enemy within, writes Paul Hockenos for @CNNOpinion https://t.co/taphGDaAVM https://t.co/dBQm5cxRsZ",73,@CNN
-0.6908,Tue Mar 27 12:00:11 +0000 2018,0.449,0.551,0.0,Water park executives charged in 10-year-old's death https://t.co/g4YxddzT9Y https://t.co/f4QN75CO3U,74,@CNN
0.0,Tue Mar 27 11:45:08 +0000 2018,0.0,1.0,0.0,Facebook CEO Mark Zuckerberg won't appear before UK lawmakers https://t.co/8fEYaECWKg https://t.co/E6AZ2LnRB5,75,@CNN
0.6369,Tue Mar 27 11:30:47 +0000 2018,0.0,0.833,0.167,"""Going into Rio I was in the best physical shape of my entire life. ... and that meant nothing because mentally I w… https://t.co/YPVhYQ99R0",76,@CNN
0.0,Tue Mar 27 11:15:10 +0000 2018,0.0,1.0,0.0,Is President Trump's silence on Russian President Vladimir Putin and porn star Stormy Daniels telling?… https://t.co/1kidsp6e4g,77,@CNN
-0.5574,Tue Mar 27 11:00:08 +0000 2018,0.371,0.381,0.248,Paris police treat murder of Holocaust survivor as anti-Semitic attack https://t.co/6PCyVCPdpS https://t.co/cuz3T6LiKQ,78,@CNN
0.0,Tue Mar 27 10:45:05 +0000 2018,0.0,1.0,0.0,Here are 5 things you need to know today https://t.co/qRZURBA66J https://t.co/JByDGZBHYI,79,@CNN
-0.6369,Tue Mar 27 10:30:07 +0000 2018,0.286,0.714,0.0,Photographer Gregor Sailer explores the haunting artifice of fake villages around the world https://t.co/cu4bLm50sI https://t.co/61ssTTUZTy,80,@CNN
0.0,Tue Mar 27 10:21:32 +0000 2018,0.0,1.0,0.0,Fact-checking Tucker Carlson on diversity in America https://t.co/7S7y05oOBX | Analysis by Ronald Brownstein https://t.co/GZVSCDATFz,81,@CNN
-0.8519,Tue Mar 27 10:11:06 +0000 2018,0.368,0.632,0.0,Arizona has suspended Uber's self-driving car tests in the state following a fatal crash involving one of the compa… https://t.co/d3y4VVxlno,82,@CNN
-0.7783,Tue Mar 27 10:02:01 +0000 2018,0.286,0.714,0.0,"A fire that tore through a shopping center killing at least 64 people, including many children, was caused by ""crim… https://t.co/bmW36iQrB9",83,@CNN
-0.34,Tue Mar 27 09:54:05 +0000 2018,0.138,0.862,0.0,"A Chinese space lab is expected to fall to Earth in ""fiery demise"" within days https://t.co/QJdgdhEm3x https://t.co/MkliVvavxU",84,@CNN
0.5106,Tue Mar 27 09:43:03 +0000 2018,0.0,0.858,0.142,"There is a strong possibility that North Korean leader Kim Jong Un is in Beijing, an official with deep knowledge o… https://t.co/vYteCRt7L6",85,@CNN
0.0,Tue Mar 27 09:37:05 +0000 2018,0.0,1.0,0.0,Films with women or minorities in lead roles have led the box office 11 out of 12 weekends this year… https://t.co/cukwL2Lz6Q,86,@CNN
0.5106,Tue Mar 27 09:26:35 +0000 2018,0.059,0.751,0.19,"The US is showing off its military strength with F-35B fighter jets, Ospreys and warships all off the coast of Japa… https://t.co/4xUliTiSeW",87,@CNN
0.0,Tue Mar 27 09:01:21 +0000 2018,0.0,1.0,0.0,You may not knead to keep the crust on after all https://t.co/iOb0QZXQSr,88,@CNN
0.7956,Tue Mar 27 08:47:40 +0000 2018,0.0,0.706,0.294,"""You're these Olympic athletes, you're supposed to be really strong, you're supposed to be really confident.

""I th… https://t.co/XpTSZ6PqmQ",89,@CNN
0.0,Tue Mar 27 08:24:59 +0000 2018,0.0,1.0,0.0,"The US government is officially investigating Facebook, the Federal Trade Commission confirms… https://t.co/IMeV2fkAK7",90,@CNN
-0.2732,Tue Mar 27 08:08:07 +0000 2018,0.116,0.884,0.0,"Elliott Broidy, a venture capitalist and fundraiser for US President Donald Trump's 2016 campaign, is suing Qatar,… https://t.co/a6fU8y30fj",91,@CNN
0.0,Tue Mar 27 08:08:04 +0000 2018,0.0,1.0,0.0,Apple is hosting an education-focused event in Chicago on Tuesday to likely reveal what it believes is the future o… https://t.co/icRtWXGSfe,92,@CNN
0.5719,Tue Mar 27 08:01:01 +0000 2018,0.0,0.802,0.198,Here are 9 ways to celebrate Prince Harry and Meghan Markle's royal wedding in style https://t.co/VGueCtKURm https://t.co/jO8QhYZ1uz,93,@CNN
-0.228,Tue Mar 27 07:57:27 +0000 2018,0.096,0.904,0.0,President Donald Trump's blistering tongue and stinging tweets spare almost no one. But there are two blatant excep… https://t.co/tTlPC1beFC,94,@CNN
0.0,Tue Mar 27 07:51:05 +0000 2018,0.0,1.0,0.0,Is this the world's most luxurious airport? https://t.co/Bi3Awl1ALu via @CNNTravel https://t.co/rkeVjUVlA0,95,@CNN
0.1779,Tue Mar 27 07:33:07 +0000 2018,0.1,0.769,0.131,"Heineken has pulled an ad with the tagline ""Sometimes lighter is better"" after critics slammed it as racist.… https://t.co/ENY78J1Xw5",96,@CNN
-0.0258,Tue Mar 27 07:31:06 +0000 2018,0.048,0.952,0.0,"Britain will leave the EU on March 29, 2019 -- but quite what Brexit will entail depends on who you listen to.… https://t.co/Fz1OZjH9cG",97,@CNN
0.4215,Tue Mar 27 07:21:52 +0000 2018,0.0,0.833,0.167,"Bill Gates tells Nigerian leaders to ""face facts"" so they can make progress https://t.co/CE32gsgzkY https://t.co/sPLRKrvTGX",98,@CNN
0.5106,Tue Mar 27 07:02:16 +0000 2018,0.0,0.752,0.248,"11,000 years ago, our ancestors survived abrupt climate change https://t.co/pJxWePn95j https://t.co/49pVMxlBWK",99,@CNN
0.0,Tue Mar 27 19:47:00 +0000 2018,0.0,1.0,0.0,OPINION: #Trump is right -- California is out of control https://t.co/SBzqnBJeGF,0,@FoxNews
-0.7579,Tue Mar 27 19:37:00 +0000 2018,0.394,0.606,0.0,Al Sharpton's half brother charged with capital murder in Alabama shooting https://t.co/aoZDlVtvwc,1,@FoxNews
0.0,Tue Mar 27 19:30:05 +0000 2018,0.0,1.0,0.0,RT @FoxBusiness: #BreakingNews: Israeli Prime Minister @netanyahu has been taken to the hospital for examination. https://t.co/UQYgVHIbfx,2,@FoxNews
0.0,Tue Mar 27 19:22:00 +0000 2018,0.0,1.0,0.0,Former Army major tells of his efforts to halt use of hazardous burn pits at Iraq military base https://t.co/4bjUtfEEkB,3,@FoxNews
0.0,Tue Mar 27 19:11:53 +0000 2018,0.0,1.0,0.0,Facebook thinks it knows whether you're liberal or conservative: Here's how to find out https://t.co/0G6hHJBJzx,4,@FoxNews
0.3182,Tue Mar 27 19:06:24 +0000 2018,0.0,0.881,0.119,.@PressSec: “The president’s priority is going to be protecting American workers and making sure that there’s a goo… https://t.co/krHX4q7Xl9,5,@FoxNews
0.4576,Tue Mar 27 18:59:30 +0000 2018,0.0,0.8,0.2,.@PressSec: “The president and the administration still fully support the Second Amendment.” https://t.co/vqjvJb04ES,6,@FoxNews
0.0,Tue Mar 27 18:51:37 +0000 2018,0.0,1.0,0.0,.@PressSec: “The wall is continuing to be built currently and we’re going to keep pushing forward until it’s fully… https://t.co/qpXbKZ72fs,7,@FoxNews
0.0516,Tue Mar 27 18:47:01 +0000 2018,0.208,0.566,0.226,.@PressSec: ”We’re certainly applying pressure on Russia.” https://t.co/kSlyHr6fkt,8,@FoxNews
0.0,Tue Mar 27 18:41:54 +0000 2018,0.0,1.0,0.0,.@PressSec on census citizenship question: This is something that has been part of the census for decades and somet… https://t.co/JXWKYMH0PY,9,@FoxNews
0.431,Tue Mar 27 18:35:20 +0000 2018,0.0,0.806,0.194,".@PressSec: “The United States is open to building a better relationship with Russia, but the Russian government mu… https://t.co/pz7eGj1rHH",10,@FoxNews
0.0,Tue Mar 27 18:30:16 +0000 2018,0.0,1.0,0.0,.@PressSec Sarah Sanders holds a briefing  https://t.co/fBqAzIX9CL,11,@FoxNews
0.2732,Tue Mar 27 18:16:12 +0000 2018,0.0,0.851,0.149,'Roseanne' Is Now a Big #Trump Supporter in Reboot of Hit 1990s Sitcom https://t.co/ERjH7TkucL,12,@FoxNews
0.3818,Tue Mar 27 18:07:57 +0000 2018,0.0,0.867,0.133,.@JohnJamesMI on @foxandfriends: “#DonaldTrump is delivering on his promises and the people in the state of Michiga… https://t.co/AgzExVdjYa,13,@FoxNews
0.0,Tue Mar 27 18:05:45 +0000 2018,0.0,1.0,0.0,Awaiting: @WhiteHouse briefing https://t.co/9fT8Fn3XPw,14,@FoxNews
0.4404,Tue Mar 27 18:02:29 +0000 2018,0.159,0.552,0.29,"Owl gets loose at wedding, leaves best man 'terrified' https://t.co/Q5SCAfmm4w",15,@FoxNews
0.6705,Tue Mar 27 17:59:19 +0000 2018,0.119,0.508,0.373,RT @FoxBusiness: McCormick offers employee bonuses on tax cut benefit https://t.co/hJRwSAl9bM https://t.co/ZkWw9YAtPD,16,@FoxNews
0.0,Tue Mar 27 17:57:18 +0000 2018,0.0,1.0,0.0,The casket of New York City firefighter Lieutenant Michael Davidson is carried on a firetruck down Fifth Avenue as… https://t.co/7AodGGQsld,17,@FoxNews
-0.2023,Tue Mar 27 17:52:28 +0000 2018,0.153,0.847,0.0,"Mummy discovery: 2,500-year-old Egyptian coffin was thought to be empty https://t.co/VCtJ3sSO2p",18,@FoxNews
0.0,Tue Mar 27 17:43:58 +0000 2018,0.0,1.0,0.0,Georgia mom makes 'entitled' teenage son shop at Goodwill to learn lesson in humility https://t.co/49IjH2zuWI,19,@FoxNews
0.0772,Tue Mar 27 17:32:37 +0000 2018,0.0,0.86,0.14,Hofstra activists want to remove Thomas Jefferson statue https://t.co/6Wzh9D9Fms,20,@FoxNews
0.7351,Tue Mar 27 17:14:50 +0000 2018,0.0,0.64,0.36,".@candacecbure credits Jesus and the Bible for her happy, 22-year marriage https://t.co/0yGdWqDbed https://t.co/wHlBXrJXOb",21,@FoxNews
-0.0258,Tue Mar 27 17:14:43 +0000 2018,0.192,0.621,0.186,Mural honoring officers in Dallas police massacre removed due to code violations https://t.co/nGwbEwkTVf,22,@FoxNews
-0.6808,Tue Mar 27 16:55:41 +0000 2018,0.337,0.663,0.0,Person arrested in connection to suspicious packages found at DC-area military bases https://t.co/DBrp0Jc5MU,23,@FoxNews
0.0,Tue Mar 27 16:50:16 +0000 2018,0.0,1.0,0.0,Facebook CEO Mark Zuckerberg to testify before Congress: report https://t.co/b4uBdpwin3 https://t.co/gKuK3BtGvs,24,@FoxNews
0.7906,Tue Mar 27 16:29:35 +0000 2018,0.0,0.611,0.389,Retired Supreme Court Justice Stevens says Second Amendment should be repealed https://t.co/PE13PgJSin https://t.co/siqsenZTgv,25,@FoxNews
-0.128,Tue Mar 27 16:22:08 +0000 2018,0.086,0.914,0.0,Bill Richardson: “My view is that it’s going to be a tough year for Republicans in midterms.” https://t.co/8Q7JG4su2W,26,@FoxNews
0.0,Tue Mar 27 15:51:41 +0000 2018,0.0,1.0,0.0,Mystery train rumored to carry Kim Jong Un leaves China after secretive stay https://t.co/SSCtuGrIcE,27,@FoxNews
-0.128,Tue Mar 27 15:47:31 +0000 2018,0.073,0.927,0.0,This baby orangutan at the Phoenix Zoo got a front-row seat when a young boy began performing tricks with his yo-yo. https://t.co/4BxVRADuVB,28,@FoxNews
-0.4939,Tue Mar 27 15:43:26 +0000 2018,0.198,0.802,0.0,Did Facebook’s ‘favors’ for the Obama campaign constitute a violation of federal law? @FoxNewsOpinion https://t.co/gD5PrAQLOr,29,@FoxNews
0.0,Tue Mar 27 15:40:22 +0000 2018,0.0,1.0,0.0,Blue moon to light up sky ahead of Easter https://t.co/OSv40QkDFR,30,@FoxNews
0.4404,Tue Mar 27 15:29:03 +0000 2018,0.103,0.704,0.192,"'JAWS'-DROPPING VIDEO: These boaters' fishing trip near Daytona Beach, Florida, was interrupted by a great white sh… https://t.co/bCklZn8Tjc",31,@FoxNews
0.0,Tue Mar 27 15:22:26 +0000 2018,0.0,1.0,0.0,Facebook thinks it knows whether you're liberal or conservative: Here's how to find out https://t.co/6bU9UysahV… https://t.co/qjEqxHgZTp,32,@FoxNews
-0.4215,Tue Mar 27 15:15:00 +0000 2018,0.128,0.872,0.0,A casket carrying the body of @FDNY Lt. Michael Davidson is carried into @StPatsNYC as mourners gathered for the fu… https://t.co/irOv4b2zK5,33,@FoxNews
0.0,Tue Mar 27 15:10:00 +0000 2018,0.0,1.0,0.0,"Man sues Disney Parks, claims rat bit him at Magic Kingdom https://t.co/Qv4tQJqDrw",34,@FoxNews
0.6369,Tue Mar 27 15:00:05 +0000 2018,0.0,0.769,0.231,.@SteveHiltonx on Census Citizenship Question: 'Perfectly Reasonable' for Gov't to Know Who Is a Citizen https://t.co/GLMaPeRtZd,35,@FoxNews
0.2732,Tue Mar 27 14:55:00 +0000 2018,0.0,0.861,0.139,"Georgia mother crashes vehicle into pole to prove 'God is real,' police say https://t.co/cxey0ByH1S",36,@FoxNews
0.7351,Tue Mar 27 14:44:53 +0000 2018,0.0,0.617,0.383,".@candacecbure credits Jesus and the Bible for her happy, 22-year marriage https://t.co/LgpD84O7Cj",37,@FoxNews
-0.8885,Tue Mar 27 14:42:03 +0000 2018,0.434,0.566,0.0,"The funeral for @FDNY Lt. Michael Davidson, killed while battling a fire on a Manhattan movie set, takes place at… https://t.co/kl7S5m2513",38,@FoxNews
0.0,Tue Mar 27 14:32:21 +0000 2018,0.0,1.0,0.0,RT @EricShawnTV: Should non-U.S. citizens be included in the #census2020? I anchor @HappeningNow with @JulieBanderas @FoxNews at 11 am EDT.…,39,@FoxNews
0.6808,Tue Mar 27 14:29:14 +0000 2018,0.0,0.641,0.359,Barack Obama Hopes for a 'Million Young Obamas' to Lead 'Human Progress' https://t.co/A9u7oyvOFR,40,@FoxNews
-0.5994,Tue Mar 27 14:26:20 +0000 2018,0.224,0.776,0.0,"JUST IN: Arrest made in connection with suspicious packages found at military bases, official tells Fox News (via… https://t.co/QU3F9x0iD8",41,@FoxNews
0.6124,Tue Mar 27 14:21:31 +0000 2018,0.0,0.778,0.222,.@RepKinzinger: “[President @realDonaldTrump’s] actions have been outstanding up to this point. He’s been probably… https://t.co/5vTynkQke5,42,@FoxNews
0.0,Tue Mar 27 14:10:05 +0000 2018,0.0,1.0,0.0,.@ChrisStirewalt: “Nothing will be put to rest until Robert Mueller is done with his investigation.” https://t.co/dgtNVsr42R,43,@FoxNews
0.0,Tue Mar 27 14:04:34 +0000 2018,0.0,1.0,0.0,Mystery train rumored to carry Kim Jong Un leaves China after secretive stay https://t.co/SSCtuGrIcE,44,@FoxNews
0.0,Tue Mar 27 13:53:00 +0000 2018,0.0,1.0,0.0,California sheriff's office to publish inmates' release in pushback against state's 'sanctuary' law https://t.co/8PGBFZlJA9,45,@FoxNews
-0.4215,Tue Mar 27 13:50:23 +0000 2018,0.176,0.735,0.088,"Marie Harf: “Law enforcement needs immigrants, even illegal immigrants, to work with them to solve crimes.” https://t.co/tQM24ZHz6t",46,@FoxNews
-0.4404,Tue Mar 27 13:46:10 +0000 2018,0.209,0.791,0.0,CA Showdown: Orange County Could Sue to Block 'Unconstitutional' Sanctuary Law https://t.co/7R0iJqN61D,47,@FoxNews
-0.0516,Tue Mar 27 13:33:49 +0000 2018,0.241,0.536,0.223,DOW opens higher as trade tensions ease https://t.co/dx21o1gLKz,48,@FoxNews
0.1531,Tue Mar 27 13:32:10 +0000 2018,0.0,0.873,0.127,California officer says goodbye to dying police dog in emotional photo https://t.co/uqhhh4bZSa,49,@FoxNews
0.0,Tue Mar 27 13:30:12 +0000 2018,0.0,1.0,0.0,".@MariaBartiromo: “You’ve got a president that is bent on rolling back regulations, on getting growth.” https://t.co/KP3WTso6DW",50,@FoxNews
0.4215,Tue Mar 27 13:26:17 +0000 2018,0.0,0.823,0.177,Dramatic video captures blazing fuel truck being driven to safety through Indian city https://t.co/5FPO6ZF4j2,51,@FoxNews
0.5956,Tue Mar 27 13:01:04 +0000 2018,0.0,0.74,0.26,.@SteveHiltonx on @foxandfriends: “This is a really really strong diplomatic move.” https://t.co/tjKuLoRujW https://t.co/Zew9R3IPbF,52,@FoxNews
0.4939,Tue Mar 27 12:51:01 +0000 2018,0.0,0.862,0.138,"RT @FoxBusiness: .@SecretaryRoss on trade deal with South Korea: ""It's a peaceful deal, it's a negotiated deal, it works for both sides. It…",53,@FoxNews
-0.7579,Tue Mar 27 12:39:48 +0000 2018,0.277,0.723,0.0,.@cvpayne: “We’ve been in a trade war with China for a very long time… and we have been losing mightily.” https://t.co/o7KhMIKv7h,54,@FoxNews
-0.8126,Tue Mar 27 12:27:16 +0000 2018,0.433,0.567,0.0,".@USNavy's Virginia attack submarines will now fire nuclear weapons, marking dramatic shift https://t.co/WfP2qm7zmq… https://t.co/iPVYe6ECbE",55,@FoxNews
0.0,Tue Mar 27 12:26:05 +0000 2018,0.0,1.0,0.0,RT @FoxBusiness: US to add citizenship question in 2020 Census: @CommerceGov https://t.co/SaTlvyyT7T,56,@FoxNews
0.0,Tue Mar 27 12:25:47 +0000 2018,0.0,1.0,0.0,"RT @FoxBusiness: Beware, the IRS is looking for these red flags this tax season https://t.co/hhM7JEmmWs",57,@FoxNews
0.0,Tue Mar 27 12:21:01 +0000 2018,0.0,1.0,0.0,Rumors of Kim Jong Un’s visit to China swirl as mysterious train reportedly leaves Beijing https://t.co/oZSwaBdqqy,58,@FoxNews
-0.0772,Tue Mar 27 12:17:52 +0000 2018,0.191,0.636,0.173,Chicago @WhiteSox welcome back groundskeeper who wrongly spent 23 years in prison https://t.co/EOfHvMv7vR,59,@FoxNews
0.0,Tue Mar 27 12:14:36 +0000 2018,0.0,1.0,0.0,.@POTUS writes to Parkland victim's family @foxandfriends https://t.co/Jp5zKhkGkQ,60,@FoxNews
0.3818,Tue Mar 27 12:02:59 +0000 2018,0.0,0.874,0.126,.@JohnJamesMI on @foxandfriends: “Donald Trump is delivering on his promises and the people in the state of Michiga… https://t.co/6OO1dRFgyE,61,@FoxNews
0.7269,Tue Mar 27 11:53:55 +0000 2018,0.0,0.697,0.303,".@JohnJamesMI on being endorsed by @AmbJohnBolton: ""It was great, it was unexpected, and I’m honored.”… https://t.co/4KMuwwr7xA",62,@FoxNews
0.0,Tue Mar 27 11:46:07 +0000 2018,0.0,1.0,0.0,Dad holds “Say No” sign during proposal @foxandfriends https://t.co/T7wGeqe2CZ,63,@FoxNews
0.6369,Tue Mar 27 11:35:55 +0000 2018,0.0,0.781,0.219,Toni Hixon on @foxandfriends: “He was the best son any mother could ever want.” https://t.co/RFzcPYFeYK https://t.co/vDJ376v9Lr,64,@FoxNews
0.0,Tue Mar 27 11:28:42 +0000 2018,0.0,1.0,0.0,"Shawn Nelson, Orange County Supervisor, on sanctuary status: “It is unconstitutional.” @foxandfriends https://t.co/nSOdFzoPQF",65,@FoxNews
0.0,Tue Mar 27 11:26:30 +0000 2018,0.0,1.0,0.0,"A small dog, named Enzo, pulls at the leash of a 17-year-old cow, named Belinda, on a farm in Heckenbach, Germany. https://t.co/Q216MgfdwF",66,@FoxNews
-0.5423,Tue Mar 27 11:07:14 +0000 2018,0.408,0.419,0.173,Rocker who survived Paris attack says gun control marchers 'exploiting' victims https://t.co/bVpFkspIpO,67,@FoxNews
0.0,Tue Mar 27 10:53:51 +0000 2018,0.0,1.0,0.0,.@Judgenap on 2020 census citizenship question @foxandfriends https://t.co/UAL4Qj4Hij,68,@FoxNews
0.0,Tue Mar 27 10:37:37 +0000 2018,0.0,1.0,0.0,OPINION: Trump is right -- California is out of control https://t.co/RjIGgkS987,69,@FoxNews
0.0,Tue Mar 27 10:29:11 +0000 2018,0.0,1.0,0.0,"Beyonce was bitten in the face by unidentified actress, Tiffany Haddish claims https://t.co/KLJb5LkMVi",70,@FoxNews
0.34,Tue Mar 27 10:23:56 +0000 2018,0.0,0.862,0.138,"U.S. National Security Council Michael Anton on Russian expulsions: ""This is an unprecedented action...that's somet… https://t.co/w8jKzVfREa",71,@FoxNews
-0.3182,Tue Mar 27 10:13:36 +0000 2018,0.187,0.813,0.0,"At odds with @AmbJohnBolton on North Korea, Mattis appears isolated https://t.co/gGMFWwDOOI",72,@FoxNews
-0.4404,Tue Mar 27 10:10:09 +0000 2018,0.225,0.775,0.0,Whistleblower at center of privacy scandal to testify in UK https://t.co/lkX4Ys0c8G,73,@FoxNews
-0.1779,Tue Mar 27 10:07:02 +0000 2018,0.206,0.629,0.166,#Trump expressed hope to see Rob Porter return to White House: report https://t.co/ZiPyNKwMSu,74,@FoxNews
-0.9042,Tue Mar 27 10:01:55 +0000 2018,0.463,0.537,0.0,"Iowa family found dead in Mexico likely killed by water heater gas leak, official says https://t.co/sM5xsAIsJX",75,@FoxNews
-0.4588,Tue Mar 27 09:52:46 +0000 2018,0.4,0.6,0.0,.@CDCgov warns of second wave of flu https://t.co/RxY6Qi5T4S,76,@FoxNews
0.0,Tue Mar 27 09:50:10 +0000 2018,0.0,1.0,0.0,"Dr. Nicole Saphier: ""Rome was not built in a day, and neither is health care."" https://t.co/pDg7MNw3Pt",77,@FoxNews
0.0,Tue Mar 27 09:44:41 +0000 2018,0.0,1.0,0.0,Family's pet cat returns home 2 days after they thought they buried him https://t.co/kwYT6uEQ9q,78,@FoxNews
0.5413,Tue Mar 27 09:43:11 +0000 2018,0.0,0.837,0.163,"Political analyst Ron Meyer: ""Democrats really care about getting services to people who are here illegally more th… https://t.co/OXCUMwSr8f",79,@FoxNews
-0.1531,Tue Mar 27 09:39:30 +0000 2018,0.086,0.914,0.0,"Democratic strategist Suraj Patel on citizenship question in 2020 census: ""Doing this is calculated to stopping Dem… https://t.co/1q6MIrpcaI",80,@FoxNews
-0.7003,Tue Mar 27 09:32:14 +0000 2018,0.383,0.5,0.117,Vegas police say 5 arrests in MS-13 case solves 10 murders https://t.co/d9QfRFLoxO https://t.co/kyQkw7JIcR,81,@FoxNews
0.0,Tue Mar 27 09:29:09 +0000 2018,0.0,1.0,0.0,"For North Korean leaders, a train unlike any other https://t.co/gGO3CxNbA5",82,@FoxNews
0.5267,Tue Mar 27 09:26:41 +0000 2018,0.0,0.764,0.236,Dow posts biggest one-day point gain since 2008  (via @FoxBusiness) https://t.co/KeTmVaUlIu https://t.co/hB4tfEttxQ,83,@FoxNews
0.128,Tue Mar 27 09:23:06 +0000 2018,0.0,0.889,0.111,Corey Lewandowski considering legal action against reporter who entered office without permission https://t.co/9ghJZDaMYI,84,@FoxNews
-0.5994,Tue Mar 27 09:19:50 +0000 2018,0.178,0.822,0.0,"Kiron Skinner on expulsion of 60 Russian diplomats: ""It is the harshest action against the Russians under President… https://t.co/maX6r3wbw0",85,@FoxNews
0.0,Tue Mar 27 09:13:59 +0000 2018,0.0,1.0,0.0,Global Russian Expulsions https://t.co/tjKuLoRujW https://t.co/ehwjOyQleE,86,@FoxNews
0.0,Tue Mar 27 09:12:54 +0000 2018,0.0,1.0,0.0,Wynn Resorts hearing may include alleged misconduct evidence https://t.co/9PTyh9GO21,87,@FoxNews
-0.5267,Tue Mar 27 09:11:04 +0000 2018,0.195,0.805,0.0,"Orlando nightclub shooter's father, an FBI informant, brushed off son's terror comments, agent says… https://t.co/7aTAEszZkQ",88,@FoxNews
0.5423,Tue Mar 27 09:05:35 +0000 2018,0.0,0.769,0.231,"OPINION: #Trump, like Reagan, can beat back the 'swamp' in assembling his own presidential dream team https://t.co/PjubKZKQbL",89,@FoxNews
0.0,Tue Mar 27 09:02:51 +0000 2018,0.0,1.0,0.0,"""Live a purposeful life.""

99-year-old WWII vet Sidney Walton and his son Paul are on a cross-country tour to meet… https://t.co/nAWYq14PZt",90,@FoxNews
0.0,Tue Mar 27 08:45:50 +0000 2018,0.0,1.0,0.0,".@WhiteHouse: Stormy Daniels is 'inconsistent,' #Trump doesn't believe her claims are 'accurate' https://t.co/kk6ZBUvfs7",91,@FoxNews
-0.5256,Tue Mar 27 08:43:18 +0000 2018,0.298,0.702,0.0,Uber suspended from testing self-driving cars in Arizona https://t.co/6KYQ8Zg5sa,92,@FoxNews
-0.8442,Tue Mar 27 08:42:50 +0000 2018,0.406,0.531,0.063,Ohio Gov. Kasich commutes death sentence of man who killed woman during robbery https://t.co/qVAOdaXm9y,93,@FoxNews
0.4576,Tue Mar 27 08:41:31 +0000 2018,0.0,0.85,0.15,"George Rodriguez: ""Democrats are more interested in sanctuary cities and protecting people that enter the country i… https://t.co/8Lr8hH9dCH",94,@FoxNews
-0.5423,Tue Mar 27 08:35:33 +0000 2018,0.143,0.857,0.0,"""The ones that are bad need to be weeded out.""

American who escaped Al Qaeda captivity says @FBI, under Mueller an… https://t.co/QS0U88z1J5",95,@FoxNews
-0.6249,Tue Mar 27 08:30:59 +0000 2018,0.291,0.709,0.0,"Russian envoy says relations with US in crisis, retaliation likely https://t.co/mi8RD6Xaxk",96,@FoxNews
0.0,Tue Mar 27 08:25:43 +0000 2018,0.0,1.0,0.0,World's new largest cruise ship sets sail https://t.co/QH8HyOb78g,97,@FoxNews
-0.6369,Tue Mar 27 08:23:33 +0000 2018,0.366,0.634,0.0,"High-ranking Michigan State official arrested, faces charges amid Nassar probe https://t.co/BppfqrhuPB",98,@FoxNews
0.2023,Tue Mar 27 08:21:00 +0000 2018,0.0,0.913,0.087,"Daniel Hoffman on expulsion of 60 Russian diplomats: ""This is an important message that we've sent to the Kremlin.""… https://t.co/jzZLPHfkNn",99,@FoxNews
0.8176,Tue Mar 27 19:45:05 +0000 2018,0.0,0.694,0.306,"""A strong case could be made for [Gerald] Murnane, who recently turned 79, as the greatest living English-language… https://t.co/7ESwrnkrfv",0,@NYTimes
0.1779,Tue Mar 27 19:30:04 +0000 2018,0.0,0.922,0.078,"Two graphic designers founded Turbo without fully knowing what it would be. Now, the studio is part of a growing de… https://t.co/xmZNfQqdZX",1,@NYTimes
-0.5106,Tue Mar 27 19:21:01 +0000 2018,0.148,0.852,0.0,The attorney general is responding to public outcry over a police shooting in which an unarmed black man was killed… https://t.co/64nSNabytF,2,@NYTimes
0.3612,Tue Mar 27 19:15:07 +0000 2018,0.0,0.828,0.172,"The photos are surreal, like a Martian ski slope or a toasted marshmallow sky https://t.co/VFHIgBVETa",3,@NYTimes
-0.4588,Tue Mar 27 19:06:03 +0000 2018,0.143,0.857,0.0,"By branching into public forums, Breitbart is taking a cue from one of its perennial foes: the mainstream media https://t.co/8wS7IUFeQU",4,@NYTimes
0.0,Tue Mar 27 19:00:16 +0000 2018,0.0,1.0,0.0,"Check out our new animations about race and mobility, or make one of your own https://t.co/FNt0PtuI8l",5,@NYTimes
-0.836,Tue Mar 27 18:51:02 +0000 2018,0.395,0.535,0.07,Horrific accounts of children struggling to escape the blazing shopping mall distracted public attention from a dip… https://t.co/0ngky3p6Km,6,@NYTimes
0.3612,Tue Mar 27 18:45:05 +0000 2018,0.098,0.674,0.228,"Fair housing groups filed a lawsuit saying that Facebook continues to discriminate against certain groups, includin… https://t.co/cBbsa2X9BK",7,@NYTimes
0.4588,Tue Mar 27 18:34:16 +0000 2018,0.0,0.818,0.182,"RT @nytimesworld: “Spain is creating a situation where Europe’s judges rather than its politicians are being asked to solve Catalonia,” one…",8,@NYTimes
-0.0258,Tue Mar 27 18:30:15 +0000 2018,0.108,0.788,0.103,"Under pressure, Mark Zuckerberg agreed to testify before Congress over Facebook’s handling of user data, people fam… https://t.co/MvIygDFq9u",9,@NYTimes
-0.7269,Tue Mar 27 18:15:03 +0000 2018,0.274,0.684,0.042,Critics say the rule could throw patients who lost access to the drugs into withdrawal or even provoke them to buy… https://t.co/06RkHiijim,10,@NYTimes
-0.5994,Tue Mar 27 18:00:09 +0000 2018,0.163,0.837,0.0,Tempest in an egg spoon: How Alice Waters's fancy utensil set off a culinary culture war that touches on class and… https://t.co/g0XvIB6ABy,11,@NYTimes
0.0,Tue Mar 27 17:45:10 +0000 2018,0.0,1.0,0.0,"Lieutenant Davidson left behind a wife and four young children, and came from a family of firefighters, with his fa… https://t.co/qoREudBKjp",12,@NYTimes
0.8625,Tue Mar 27 17:30:09 +0000 2018,0.0,0.593,0.407,"“It’s like a beauty pageant. The fish cannot be fat. It must look strong and have personality."" https://t.co/nSKiuU0x9i",13,@NYTimes
0.0,Tue Mar 27 17:25:08 +0000 2018,0.0,1.0,0.0,"RT @amyfiscus: ""Bulletproof, Slow and Full of Wine” is also the title of my autobiography https://t.co/JthIHU4sY5",14,@NYTimes
0.2732,Tue Mar 27 17:15:07 +0000 2018,0.0,0.704,0.296,Roseanne has become a Trump supporter https://t.co/bs6NXUo6mr,15,@NYTimes
-0.3612,Tue Mar 27 17:07:50 +0000 2018,0.22,0.656,0.124,"Tanzina Vega is the new host of “The Takeaway,” succeeding John Hockenberry, who was accused of sexual harassment a… https://t.co/zrO7bNE7I5",16,@NYTimes
-0.8126,Tue Mar 27 17:00:12 +0000 2018,0.344,0.656,0.0,"Why are the Parkland students being attacked? “Together we kind of form an unstoppable force that terrifies them."" https://t.co/wTnnc2IOLq",17,@NYTimes
0.0,Tue Mar 27 16:56:20 +0000 2018,0.0,1.0,0.0,"RT @KevinQ: New today in Upshot-land, income mobility ladders for girls, Asian-Americans and other groups. Or make your own – there are tho…",18,@NYTimes
0.0772,Tue Mar 27 16:45:08 +0000 2018,0.159,0.707,0.134,"""I got back to something I’d been missing over a month of solo travel: the joy of getting lost with someone whose c… https://t.co/uTaaAFEJSa",19,@NYTimes
-0.6597,Tue Mar 27 16:30:20 +0000 2018,0.321,0.56,0.119,"""Being crazy isn't enough."" A Manhattan nanny charged with killing two children in her care is pursuing an insanity… https://t.co/ro78pJw85B",20,@NYTimes
-0.3217,Tue Mar 27 16:15:12 +0000 2018,0.142,0.77,0.088,"Two white police officers in Baton Rouge, La., will not be prosecuted in the fatal 2016 shooting of Alton Sterling,… https://t.co/kRzukrAMDy",21,@NYTimes
0.477,Tue Mar 27 16:00:11 +0000 2018,0.086,0.706,0.208,"The former dean, William D. Strampel, was accused not only of failing to protect women and girls from Larry Nassar,… https://t.co/saN2IbTMhc",22,@NYTimes
0.7579,Tue Mar 27 15:54:29 +0000 2018,0.0,0.755,0.245,RT @nytimesbusiness: “Trump has been a godsend for China.” The potential cost of moving away from institutions and alliances in favor of a…,23,@NYTimes
0.4939,Tue Mar 27 15:45:04 +0000 2018,0.0,0.856,0.144,"The Rev. Samuel Rodriguez thinks of himself as a modern-day Joseph in Pharaoh’s court, placed there to save his peo… https://t.co/ajpHlmGwE4",24,@NYTimes
0.25,Tue Mar 27 15:31:54 +0000 2018,0.0,0.92,0.08,"RT @patrickhealynyt: Roseanne Barr &amp; I got into it when she claimed Trump favors same-sex marriage: ""Yes, he does. He has said it several t…",25,@NYTimes
-0.2023,Tue Mar 27 15:30:10 +0000 2018,0.091,0.909,0.0,"Federal authorities charged Keith Raniere, the head of the Albany-area group Nxivm, with forcing women to have sex… https://t.co/L5xGmbNUfG",26,@NYTimes
0.3182,Tue Mar 27 15:15:10 +0000 2018,0.0,0.881,0.119,"In Opinion,
Op-Ed columnist @PaulKrugman writes, ""The simple truth is that ever since Reagan, Republicans have basi… https://t.co/2xROYOSesk",27,@NYTimes
-0.4588,Tue Mar 27 15:00:29 +0000 2018,0.136,0.864,0.0,RT @nytopinion: Stormy Daniels is not the first person who claims to have been threatened after crossing Donald Trump https://t.co/jq4XA1hs…,28,@NYTimes
0.7783,Tue Mar 27 14:45:03 +0000 2018,0.0,0.536,0.464,"RT @nytimesarts: Chris Evans makes a terrific Broadway debut in ""Lobby Hero"" https://t.co/RSHFjyp02o",29,@NYTimes
0.5799,Tue Mar 27 14:30:10 +0000 2018,0.137,0.595,0.268,"On U.S. involvement in the Syrian war, one operative said: “Russia is more honorable and trustworthy than the Unite… https://t.co/j4nPJbWm4Q",30,@NYTimes
0.0,Tue Mar 27 14:21:31 +0000 2018,0.0,1.0,0.0,"RT @nytimesbusiness: Waymo says it will buy up to 20,000 electric cars from Jaguar Land Rover as it strives to put a ride service into oper…",31,@NYTimes
-0.1695,Tue Mar 27 14:15:05 +0000 2018,0.1,0.9,0.0,"Stephen Colbert and other late-night hosts were not surprised by Stephanie Clifford's ""60 Minutes"" interview https://t.co/i7tEE6rroE",32,@NYTimes
0.3182,Tue Mar 27 13:59:04 +0000 2018,0.0,0.881,0.119,"""I'm sure there are other Cambridge Analyticas out there,"" Senator John Kennedy said. ""Facebook isn't just a compan… https://t.co/q02W3HcwDe",33,@NYTimes
0.0,Tue Mar 27 13:44:04 +0000 2018,0.0,1.0,0.0,RT @nytopinion: John Paul Stevens: Repealing the Second Amendment would move Saturday’s marchers closer to their objective than any other p…,34,@NYTimes
0.4019,Tue Mar 27 13:30:12 +0000 2018,0.0,0.881,0.119,Polls and recent elections show that Trump has galvanized liberal and moderate voters to oppose his party. Yet at t… https://t.co/hj0feZkpk5,35,@NYTimes
0.2617,Tue Mar 27 13:15:05 +0000 2018,0.0,0.915,0.085,"RT @nytgraphics: All 435 House seats are up for election this November, but just 48 are considered competitive: 41 held by Republicans, 7 b…",36,@NYTimes
0.0,Tue Mar 27 13:00:31 +0000 2018,0.0,1.0,0.0,Morning Briefing: Here's what you need to know to start your day https://t.co/1cL3jRvE6f https://t.co/DZGs6ucJlW,37,@NYTimes
-0.9081,Tue Mar 27 12:45:07 +0000 2018,0.432,0.568,0.0,The Maryland school shooter who fatally shot his ex-girlfriend and injured another student last week killed himself… https://t.co/n7N1XpSNsB,38,@NYTimes
0.0,Tue Mar 27 12:31:05 +0000 2018,0.0,1.0,0.0,Linda Brown came to symbolize one of the most transformative court proceedings in American history https://t.co/vUcEP99A3g,39,@NYTimes
0.4588,Tue Mar 27 12:14:03 +0000 2018,0.0,0.812,0.188,"A housemate of the Austin bomber has become a ""person of interest"" in the investigation https://t.co/thNrBdpcJM",40,@NYTimes
0.0,Tue Mar 27 12:00:10 +0000 2018,0.0,1.0,0.0,"Your daily @DealBook Briefing:

• Citigroup became the biggest Wall Street firm thus far to take actions to limit g… https://t.co/trOfabkKIY",41,@NYTimes
0.0,Tue Mar 27 11:44:04 +0000 2018,0.0,1.0,0.0,"Lobster, wine and ""lady conductors"": What we know about North Korea's mystery train https://t.co/PCuXFczwwb",42,@NYTimes
-0.3818,Tue Mar 27 11:30:01 +0000 2018,0.12,0.88,0.0,"""From a European perspective, the shock comes from the fact that the U.S. is now seen as a destabilizing force, lik… https://t.co/IMDcz7Nj2v",43,@NYTimes
0.7717,Tue Mar 27 11:16:02 +0000 2018,0.0,0.712,0.288,"Eight years ago, the United States and Russia agreed to a spy swap that sent a Russian double agent to safety in Br… https://t.co/5Dv7DOef5y",44,@NYTimes
-0.4588,Tue Mar 27 11:00:12 +0000 2018,0.158,0.842,0.0,"The former dean of Michigan State University’s medical school, who supervised the disgraced physician Lawrence Nass… https://t.co/zvJMTgrnB7",45,@NYTimes
-0.2023,Tue Mar 27 10:45:04 +0000 2018,0.083,0.917,0.0,"Within 30 seconds of arriving, Deputy Brewer had exited his car, confronted a man in the street whose pants were ar… https://t.co/LzNamOCMQf",46,@NYTimes
0.34,Tue Mar 27 10:30:04 +0000 2018,0.0,0.876,0.124,"The 2020 census will ask respondents whether they are U.S. citizens, the Commerce Department announced, agreeing to… https://t.co/zz1aqLKqAT",47,@NYTimes
0.0,Tue Mar 27 10:16:05 +0000 2018,0.0,1.0,0.0,A video that appeared to show the arrival in Beijing of an old-style green train fueled speculation that a high-lev… https://t.co/nB2RJVVDYe,48,@NYTimes
0.0,Tue Mar 27 10:00:18 +0000 2018,0.0,1.0,0.0,Morning Briefing: Here's what you need to know to start your day https://t.co/C4v9hpi3Ye https://t.co/QLK2dlg5qA,49,@NYTimes
-0.5267,Tue Mar 27 09:55:11 +0000 2018,0.175,0.825,0.0,"Others have come at President Trump with indignation, righteousness and appeals to decency. Stormy Daniels swatted… https://t.co/iq3gZcZzNd",50,@NYTimes
0.0,Tue Mar 27 09:30:02 +0000 2018,0.0,1.0,0.0,"""She called me at 4:11 p.m. the last time and told me that everything was in flames, and that the doors were blocke… https://t.co/T2XmtaoKxp",51,@NYTimes
-0.8519,Tue Mar 27 09:16:02 +0000 2018,0.401,0.484,0.114,"A woman who survived the Holocaust was murdered in Paris, in what the authorities are calling a hate crime https://t.co/PCfeDQFPrz",52,@NYTimes
-0.4767,Tue Mar 27 08:59:03 +0000 2018,0.134,0.866,0.0,"After 61 weeks in the White House, President Trump has found 2 people he won’t attack on Twitter: Stormy Daniels an… https://t.co/5VpaR8vviN",53,@NYTimes
-0.6249,Tue Mar 27 08:46:08 +0000 2018,0.221,0.779,0.0,"China's first space station, Tiangong-1, abandoned and out of control, is expected to drop out of orbit around this… https://t.co/IURCPOQDHv",54,@NYTimes
-0.5859,Tue Mar 27 08:30:11 +0000 2018,0.16,0.84,0.0,"RT @nytimesworld: To Europeans, the brazen poisoning of a former Russian spy and his daughter in Salisbury, England, crossed a line. That h…",55,@NYTimes
0.0258,Tue Mar 27 08:14:03 +0000 2018,0.0,0.942,0.058,"The main Brexit campaign in the referendum on Britain’s EU membership funneled more than $900,000 to a puppet organ… https://t.co/9Vzlfx7fHr",56,@NYTimes
-0.2023,Tue Mar 27 08:02:01 +0000 2018,0.131,0.766,0.102,President Trump has stayed in touch with Rob Porter and has told some advisers he hopes Porter returns to work in t… https://t.co/AM9RjUNwtB,57,@NYTimes
0.4939,Tue Mar 27 07:47:05 +0000 2018,0.0,0.814,0.186,A sprawling exhibition in Amsterdam looks at how a fascination with Japan shaped van Gogh's work https://t.co/1kMpdRcvCs,58,@NYTimes
0.128,Tue Mar 27 07:32:02 +0000 2018,0.0,0.923,0.077,"“The world’s patience is rather wearing thin with President Putin and his actions,” said the British defense secret… https://t.co/mfKxquWuau",59,@NYTimes
0.0,Tue Mar 27 07:18:01 +0000 2018,0.0,1.0,0.0,"RT @meslackman: All roads may lead to Rome, but when you get here the mean streets and wrecked pavements will puncture your tires, break yo…",60,@NYTimes
-0.4019,Tue Mar 27 07:11:35 +0000 2018,0.184,0.816,0.0,The Ethicist: Must I Tell My Boss I’m Absent Because of Mental Illness? https://t.co/OmG8vR4vhG,61,@NYTimes
0.5267,Tue Mar 27 07:02:03 +0000 2018,0.0,0.812,0.188,The Getty Conservation Institute helps solve the mystery of brown spots in King Tut’s burial chamber once and for a… https://t.co/z1b0IMpWFl,62,@NYTimes
-0.7906,Tue Mar 27 06:32:02 +0000 2018,0.267,0.733,0.0,RT @JanePerlez: Our story on five North Korean defectors who went missing. They pledged to take poison if caught. Did they? Or are they ins…,63,@NYTimes
-0.0772,Tue Mar 27 06:02:05 +0000 2018,0.1,0.812,0.089,"RT @nytopinion: If Bolton and Trump rip up the Iran deal, they will be giving the U.S. what it needs least: international isolation. https:…",64,@NYTimes
0.7003,Tue Mar 27 05:41:02 +0000 2018,0.0,0.766,0.234,"It's pretty clear how birds, even dinosaurs, got their wings. But how insects got theirs has been a mystery -- unti… https://t.co/AFhD1V40xi",65,@NYTimes
-0.296,Tue Mar 27 05:21:03 +0000 2018,0.099,0.901,0.0,Villanova's team chaplain wants no part of a rivalry with Sister Jean. “As someone who is a product of 16 years of… https://t.co/Q3LX3bNNVk,66,@NYTimes
-0.7964,Tue Mar 27 05:02:02 +0000 2018,0.262,0.738,0.0,"RT @NYTHealth: Dr. John Cacioppo, who bridged biology and psychology in exploring the health effects of loneliness, is dead at 66 https://t…",67,@NYTimes
-0.4939,Tue Mar 27 04:41:07 +0000 2018,0.144,0.856,0.0,"The mass expulsion of Russian personnel stationed in the U.S. was the largest ever, eclipsing even the darkest days… https://t.co/XGBpNxeOv1",68,@NYTimes
0.7269,Tue Mar 27 04:21:02 +0000 2018,0.0,0.679,0.321,"Chris Evans makes his Broadway debut in the astutely acted revival of Kenneth Lonergan’s play, ""Lobby Hero"" https://t.co/LIgBAWJ6B1",69,@NYTimes
0.0,Tue Mar 27 04:09:38 +0000 2018,0.0,1.0,0.0,"Despite Concerns, Census Will Ask Respondents if They Are U.S. Citizens https://t.co/DvsNaOwgfr",70,@NYTimes
-0.5267,Tue Mar 27 04:02:01 +0000 2018,0.246,0.658,0.096,A new EPA policy proposal championed by Scott Pruitt would severely restrict the scientific research the agency can… https://t.co/gSQiVxJlT2,71,@NYTimes
0.5423,Tue Mar 27 03:47:05 +0000 2018,0.06,0.653,0.286,New Orleans Saints cheerleaders have to leave a restaurant if a player comes in. A cheerleader is challenging such… https://t.co/R7WrFuUp0z,72,@NYTimes
-0.3182,Tue Mar 27 03:32:04 +0000 2018,0.103,0.897,0.0,"Uber was ordered to suspend testing of its autonomous vehicles on Arizona roads, 8 days after one of its cars struc… https://t.co/MsnkgMhRco",73,@NYTimes
0.1531,Tue Mar 27 03:17:03 +0000 2018,0.074,0.826,0.099,"RT @NYTMetro: Federal authorities charged Keith Raniere, the head of the Albany-area group Nxivm, with forcing women to engage in sex. http…",74,@NYTimes
0.0,Tue Mar 27 03:02:05 +0000 2018,0.0,1.0,0.0,The “60 Minutes” interview of Stormy Daniels garnered the highest ratings for the program in almost a decade https://t.co/vZoIYm3ugi,75,@NYTimes
0.296,Tue Mar 27 02:47:05 +0000 2018,0.0,0.814,0.186,"Medical societies and leading neurologists strongly endorse a treatment for stroke, but some ER physicians believe… https://t.co/v9BzB78wi1",76,@NYTimes
-0.6908,Tue Mar 27 02:32:02 +0000 2018,0.241,0.759,0.0,The Stormy Daniels saga and White House turmoil: Some Republicans fear that the midterm elections will be swayed by… https://t.co/VV8P6AYboK,77,@NYTimes
-0.0757,Tue Mar 27 02:17:02 +0000 2018,0.117,0.779,0.104,RT @NYTScience: There's an 8.5-ton space station that will crash on Earth somewhere in the next week. Don't worry. https://t.co/x5r8BsFXpz,78,@NYTimes
-0.5267,Tue Mar 27 02:02:03 +0000 2018,0.212,0.707,0.082,"Can Defense Secretary Jim Mattis hold the line in President Trump’s ""war cabinet""? https://t.co/28JV7ODldJ https://t.co/5QMTVB2715",79,@NYTimes
0.0,Tue Mar 27 01:47:02 +0000 2018,0.0,1.0,0.0,"Tess will spend the next 2 years, at least, scanning the sky for alien worlds https://t.co/uqiiZ7TKcT",80,@NYTimes
-0.1027,Tue Mar 27 01:31:03 +0000 2018,0.102,0.772,0.126,We have resolved an issue that caused some links to return a page not found on mobile devices. We apologize for the inconvenience.,81,@NYTimes
0.2732,Tue Mar 27 01:21:03 +0000 2018,0.0,0.896,0.104,RT @nytopinion: E.P.A Administrator Scott Pruitt wants to prohibit his agency from using certain peer-reviewed scientific studies in order…,82,@NYTimes
0.0,Tue Mar 27 01:02:07 +0000 2018,0.0,1.0,0.0,Evening Briefing: Here's what you need to know at the end of the day https://t.co/PGHd4PlLBN,83,@NYTimes
-0.2023,Tue Mar 27 00:47:04 +0000 2018,0.131,0.766,0.102,President Trump has stayed in touch with Rob Porter and has told some advisers he hopes Porter returns to work in t… https://t.co/1be8txo0YB,84,@NYTimes
0.0,Tue Mar 27 00:32:03 +0000 2018,0.0,1.0,0.0,"Investigators believe a man in Arizona was distributing performance-enhancing drugs on a massive, global scale, yet… https://t.co/oEHmWEZaWQ",85,@NYTimes
0.5267,Tue Mar 27 00:17:05 +0000 2018,0.0,0.812,0.188,The Getty Conservation Institute helps solve the mystery of brown spots in King Tut’s burial chamber once and for a… https://t.co/HstzedLBAa,86,@NYTimes
-0.5574,Tue Mar 27 00:02:02 +0000 2018,0.265,0.735,0.0,RT @maggieNYT: NEWS: Trump Talks of Bringing Back Rob Porter  https://t.co/1BleAd2VZN,87,@NYTimes
0.5106,Mon Mar 26 23:47:06 +0000 2018,0.0,0.645,0.355,"Villanova has a beloved team chaplain, too https://t.co/cMje3sdrCj",88,@NYTimes
-0.8957,Mon Mar 26 23:32:04 +0000 2018,0.435,0.565,0.0,"RT @nytimesworld: She escaped a 1942 roundup of Jews in Paris, and died in a 2018 hate crime https://t.co/bwlI9EawZ1",89,@NYTimes
-0.5574,Mon Mar 26 23:17:04 +0000 2018,0.167,0.833,0.0,Linda Brown has died. The Kansas schoolgirl came to symbolize the transformative Brown v. Board of Education desegr… https://t.co/a0bJJfESbP,90,@NYTimes
0.0,Mon Mar 26 23:02:04 +0000 2018,0.0,1.0,0.0,Planning a trip to Memphis? Here's what you should bring. https://t.co/mXqFo0yzG6,91,@NYTimes
0.0,Mon Mar 26 22:45:06 +0000 2018,0.0,1.0,0.0,Evening Briefing: Here's what you need to know at the end of the day https://t.co/FmmZKTkugK,92,@NYTimes
-0.1531,Mon Mar 26 22:32:03 +0000 2018,0.179,0.708,0.113,"“This is a deplorable way to treat a veteran who risked his life in combat for our nation,” Senator Tammy Duckworth… https://t.co/GNFXVeadzt",93,@NYTimes
0.4939,Mon Mar 26 22:17:03 +0000 2018,0.0,0.814,0.186,A sprawling exhibition in Amsterdam looks at how a fascination with Japan shaped van Gogh's work https://t.co/bdRjmcrJEl,94,@NYTimes
0.6124,Mon Mar 26 21:47:02 +0000 2018,0.086,0.639,0.274,"RT @jeligon: .@es_snipes fought vigorously for black lives. What did the movement do to support her? Not enough, friends say. https://t.co/…",95,@NYTimes
0.5859,Mon Mar 26 21:32:07 +0000 2018,0.0,0.789,0.211,Here's how to create your own support system when you don't have a spouse or kids to fall back on https://t.co/OtWwllbDnF,96,@NYTimes
-0.3818,Mon Mar 26 21:17:06 +0000 2018,0.126,0.874,0.0,One NYT reader's reaction to President Trump expelling 60 Russians and closing a consulate in response to the poiso… https://t.co/LQXzs3DbW7,97,@NYTimes
0.0,Mon Mar 26 21:00:13 +0000 2018,0.0,1.0,0.0,"RT @poniewozik: The new Roseanne has its limits, but it's a revival with more reason for existing than ""Eh, why not?"" https://t.co/jKTC30dG…",98,@NYTimes
-0.34,Mon Mar 26 20:50:05 +0000 2018,0.098,0.902,0.0,"RT @NYTScience: Sometime in the next week, a 9.4-ton Chinese space station is expected to come hurtling back to earth. But you probably hav…",99,@NYTimes
